review_id,drug_raw,review_text,rating,created_at,drug
1,Advil,I took Advil and experienced tremor. It helped but had side effects.,4,2024-09-17 03:00:00,Ibuprofen
2,Acetaminophen,I took Acetaminophen and experienced palpitations. It helped but had side effects.,2,2025-04-14 12:00:00,Acetaminophen
3,Ibuprofen,I took Ibuprofen and experienced headache. It helped but had side effects.,5,2024-12-14 03:00:00,Ibuprofen
4,Advil,I took Advil and experienced stomach cramps. It helped but had side effects.,4,2024-08-15 17:00:00,Ibuprofen
5,Advil,I took Advil and experienced dizzy. It helped but had side effects.,5,2025-08-26 22:00:00,Ibuprofen
6,Metformin,I took Metformin and experienced brain fog and bloating. It helped but had side effects.,2,2024-11-17 01:00:00,Metformin
7,Tylenol,I took Tylenol and experienced hives. It helped but had side effects.,3,2024-09-14 01:00:00,Acetaminophen
8,Glucophage,I took Glucophage and experienced itching. It helped but had side effects.,1,2024-02-27 00:00:00,Metformin
9,Advil,I took Advil and experienced dizzy. It helped but had side effects.,2,2024-10-17 19:00:00,Ibuprofen
10,Advil,I took Advil and experienced anxiety. It helped but had side effects.,2,2025-01-28 00:00:00,Ibuprofen
11,Ibuprofen,I took Ibuprofen and experienced vomiting. It helped but had side effects.,2,2025-03-17 10:00:00,Ibuprofen
12,Acetaminophen,I took Acetaminophen and experienced palpitations. It helped but had side effects.,3,2025-03-24 05:00:00,Acetaminophen
13,Metformin,I took Metformin and experienced stomach cramps. It helped but had side effects.,3,2025-06-01 10:00:00,Metformin
14,Advil,I took Advil and experienced blood pressure and constipation and palpitations. It helped but had side effects.,1,2024-07-07 18:00:00,Ibuprofen
15,Ibuprofen,I took Ibuprofen and experienced irritable and stomach cramps and bloating. It helped but had side effects.,1,2025-02-24 01:00:00,Ibuprofen
16,Acetaminophen,I took Acetaminophen and experienced nausea. It helped but had side effects.,2,2024-07-22 13:00:00,Acetaminophen
17,Ibuprofen,I took Ibuprofen and experienced chest pain. It helped but had side effects.,1,2024-01-31 05:00:00,Ibuprofen
18,Ibuprofen,I took Ibuprofen and experienced headache and irritable. It helped but had side effects.,3,2024-12-11 00:00:00,Ibuprofen
19,Advil,I took Advil and experienced palpitations and stomach cramps and bloating. It helped but had side effects.,2,2024-02-12 04:00:00,Ibuprofen
20,Ibuprofen,I took Ibuprofen and experienced fatigue. It helped but had side effects.,1,2024-03-01 12:00:00,Ibuprofen
21,Acetaminophen,I took Acetaminophen and experienced fatigue. It helped but had side effects.,2,2025-09-06 15:00:00,Acetaminophen
22,Ibuprofen,I took Ibuprofen and experienced bloating and vomiting. It helped but had side effects.,5,2024-11-21 12:00:00,Ibuprofen
23,Advil,I took Advil and experienced hives and chest pain and stomach cramps. It helped but had side effects.,3,2024-12-22 16:00:00,Ibuprofen
24,Glucophage,I took Glucophage and experienced irritable and brain fog. It helped but had side effects.,4,2024-07-24 08:00:00,Metformin
25,Tylenol,I took Tylenol and experienced fatigue. It helped but had side effects.,5,2025-06-12 22:00:00,Acetaminophen
26,Ibuprofen,I took Ibuprofen and experienced headache and stomach cramps and depression. It helped but had side effects.,2,2024-12-02 11:00:00,Ibuprofen
27,Ibuprofen,I took Ibuprofen and experienced irritable and hives. It helped but had side effects.,5,2024-07-04 06:00:00,Ibuprofen
28,Metformin,I took Metformin and experienced fatigue. It helped but had side effects.,4,2024-12-31 14:00:00,Metformin
29,Metformin,I took Metformin and experienced rash. It helped but had side effects.,3,2024-03-07 19:00:00,Metformin
30,Ibuprofen,I took Ibuprofen and experienced vomiting and tremor and palpitations. It helped but had side effects.,5,2025-03-02 04:00:00,Ibuprofen
31,Ibuprofen,I took Ibuprofen and experienced tremor. It helped but had side effects.,1,2025-01-14 05:00:00,Ibuprofen
32,Glucophage,I took Glucophage and experienced stomach cramps. It helped but had side effects.,4,2024-03-01 21:00:00,Metformin
33,Metformin,I took Metformin and experienced anxiety and tremor. It helped but had side effects.,1,2024-02-28 15:00:00,Metformin
34,Advil,I took Advil and experienced insomnia and itching. It helped but had side effects.,1,2025-06-23 11:00:00,Ibuprofen
35,Metformin,I took Metformin and experienced brain fog and bloating. It helped but had side effects.,5,2025-07-29 09:00:00,Metformin
36,Metformin,I took Metformin and experienced depression and dizzy and irritable. It helped but had side effects.,2,2025-05-21 03:00:00,Metformin
37,Metformin,I took Metformin and experienced palpitations and headache. It helped but had side effects.,4,2024-01-11 23:00:00,Metformin
38,Advil,I took Advil and experienced dizzy. It helped but had side effects.,2,2025-09-08 01:00:00,Ibuprofen
39,Glucophage,I took Glucophage and experienced fatigue and stomach cramps and tremor. It helped but had side effects.,2,2025-03-17 06:00:00,Metformin
40,Metformin,I took Metformin and experienced panic. It helped but had side effects.,5,2025-05-25 14:00:00,Metformin
41,Metformin,I took Metformin and experienced bloating and brain fog and headache. It helped but had side effects.,5,2024-03-13 11:00:00,Metformin
42,Acetaminophen,I took Acetaminophen and experienced itching and chest pain. It helped but had side effects.,4,2024-07-06 12:00:00,Acetaminophen
43,Advil,I took Advil and experienced stomach cramps and redness. It helped but had side effects.,5,2024-01-12 22:00:00,Ibuprofen
44,Glucophage,I took Glucophage and experienced anxiety and bloating. It helped but had side effects.,3,2024-08-06 20:00:00,Metformin
45,Advil,I took Advil and experienced diarrhea. It helped but had side effects.,1,2024-04-04 06:00:00,Ibuprofen
46,Advil,I took Advil and experienced anxiety. It helped but had side effects.,4,2025-09-10 15:00:00,Ibuprofen
47,Metformin,I took Metformin and experienced itching. It helped but had side effects.,3,2024-03-15 19:00:00,Metformin
48,Tylenol,I took Tylenol and experienced hives. It helped but had side effects.,5,2024-11-11 14:00:00,Acetaminophen
49,Metformin,I took Metformin and experienced constipation. It helped but had side effects.,1,2025-06-21 19:00:00,Metformin
50,Advil,I took Advil and experienced depression and hives and panic. It helped but had side effects.,3,2024-10-29 21:00:00,Ibuprofen
51,Ibuprofen,I took Ibuprofen and experienced redness and vomiting. It helped but had side effects.,2,2024-09-06 02:00:00,Ibuprofen
52,Tylenol,I took Tylenol and experienced hives and anxiety. It helped but had side effects.,5,2024-09-03 07:00:00,Acetaminophen
53,Metformin,I took Metformin and experienced itching. It helped but had side effects.,1,2024-10-16 23:00:00,Metformin
54,Glucophage,I took Glucophage and experienced headache. It helped but had side effects.,1,2024-11-04 11:00:00,Metformin
55,Ibuprofen,I took Ibuprofen and experienced tremor. It helped but had side effects.,3,2025-07-28 20:00:00,Ibuprofen
56,Ibuprofen,I took Ibuprofen and experienced bloating. It helped but had side effects.,1,2025-05-29 12:00:00,Ibuprofen
57,Metformin,I took Metformin and experienced depression. It helped but had side effects.,4,2025-07-17 14:00:00,Metformin
58,Ibuprofen,I took Ibuprofen and experienced brain fog and panic and blood pressure. It helped but had side effects.,3,2024-11-24 04:00:00,Ibuprofen
59,Glucophage,I took Glucophage and experienced headache. It helped but had side effects.,2,2025-02-06 04:00:00,Metformin
60,Glucophage,I took Glucophage and experienced redness. It helped but had side effects.,1,2025-04-09 10:00:00,Metformin
61,Tylenol,I took Tylenol and experienced vomiting and stomach cramps and palpitations. It helped but had side effects.,3,2025-03-24 09:00:00,Acetaminophen
62,Glucophage,I took Glucophage and experienced hives. It helped but had side effects.,1,2024-03-26 19:00:00,Metformin
63,Ibuprofen,I took Ibuprofen and experienced chest pain. It helped but had side effects.,4,2024-09-28 13:00:00,Ibuprofen
64,Metformin,I took Metformin and experienced diarrhea. It helped but had side effects.,4,2024-01-30 13:00:00,Metformin
65,Metformin,I took Metformin and experienced vomiting. It helped but had side effects.,2,2024-08-05 05:00:00,Metformin
66,Ibuprofen,I took Ibuprofen and experienced blood pressure. It helped but had side effects.,4,2025-02-03 01:00:00,Ibuprofen
67,Advil,I took Advil and experienced irritable and anxiety. It helped but had side effects.,2,2024-08-10 06:00:00,Ibuprofen
68,Ibuprofen,I took Ibuprofen and experienced dizzy and constipation and bloating. It helped but had side effects.,4,2025-08-18 04:00:00,Ibuprofen
69,Tylenol,I took Tylenol and experienced anxiety. It helped but had side effects.,3,2024-07-13 04:00:00,Acetaminophen
70,Glucophage,I took Glucophage and experienced hives and itching. It helped but had side effects.,5,2024-03-01 03:00:00,Metformin
71,Advil,I took Advil and experienced bloating. It helped but had side effects.,3,2024-07-01 15:00:00,Ibuprofen
72,Tylenol,I took Tylenol and experienced itching and tremor and palpitations. It helped but had side effects.,4,2025-02-21 02:00:00,Acetaminophen
73,Metformin,I took Metformin and experienced headache and panic. It helped but had side effects.,3,2024-10-04 08:00:00,Metformin
74,Tylenol,I took Tylenol and experienced chest pain. It helped but had side effects.,4,2025-04-05 10:00:00,Acetaminophen
75,Advil,I took Advil and experienced itching and redness and stomach cramps. It helped but had side effects.,4,2025-07-11 21:00:00,Ibuprofen
76,Glucophage,I took Glucophage and experienced irritable and itching and anxiety. It helped but had side effects.,5,2025-02-09 04:00:00,Metformin
77,Ibuprofen,I took Ibuprofen and experienced redness and stomach cramps. It helped but had side effects.,3,2024-11-22 15:00:00,Ibuprofen
78,Acetaminophen,I took Acetaminophen and experienced diarrhea. It helped but had side effects.,4,2025-08-08 02:00:00,Acetaminophen
79,Metformin,I took Metformin and experienced bloating and constipation and hives. It helped but had side effects.,5,2024-04-28 21:00:00,Metformin
80,Glucophage,I took Glucophage and experienced stomach cramps and rash and depression. It helped but had side effects.,1,2025-04-18 11:00:00,Metformin
81,Metformin,I took Metformin and experienced dizzy. It helped but had side effects.,2,2024-10-13 14:00:00,Metformin
82,Acetaminophen,I took Acetaminophen and experienced hives. It helped but had side effects.,5,2025-01-18 19:00:00,Acetaminophen
83,Ibuprofen,I took Ibuprofen and experienced headache. It helped but had side effects.,2,2024-02-23 11:00:00,Ibuprofen
84,Ibuprofen,I took Ibuprofen and experienced insomnia and vomiting. It helped but had side effects.,4,2025-04-30 07:00:00,Ibuprofen
85,Glucophage,I took Glucophage and experienced redness and irritable and nausea. It helped but had side effects.,3,2024-11-13 15:00:00,Metformin
86,Ibuprofen,I took Ibuprofen and experienced vomiting. It helped but had side effects.,5,2024-04-22 16:00:00,Ibuprofen
87,Glucophage,I took Glucophage and experienced diarrhea. It helped but had side effects.,1,2024-08-26 04:00:00,Metformin
88,Metformin,I took Metformin and experienced chest pain and nausea. It helped but had side effects.,1,2024-05-10 02:00:00,Metformin
89,Advil,I took Advil and experienced fatigue and headache. It helped but had side effects.,2,2025-08-21 19:00:00,Ibuprofen
90,Glucophage,I took Glucophage and experienced itching. It helped but had side effects.,5,2024-08-12 08:00:00,Metformin
91,Advil,I took Advil and experienced rash. It helped but had side effects.,5,2025-01-01 13:00:00,Ibuprofen
92,Advil,I took Advil and experienced tremor. It helped but had side effects.,3,2024-07-19 07:00:00,Ibuprofen
93,Advil,I took Advil and experienced rash. It helped but had side effects.,5,2024-08-25 08:00:00,Ibuprofen
94,Glucophage,I took Glucophage and experienced panic. It helped but had side effects.,1,2024-08-30 22:00:00,Metformin
95,Advil,I took Advil and experienced stomach cramps and brain fog. It helped but had side effects.,2,2025-03-06 23:00:00,Ibuprofen
96,Ibuprofen,I took Ibuprofen and experienced tremor. It helped but had side effects.,3,2024-12-02 00:00:00,Ibuprofen
97,Ibuprofen,I took Ibuprofen and experienced fatigue and bloating and itching. It helped but had side effects.,3,2025-05-17 22:00:00,Ibuprofen
98,Tylenol,I took Tylenol and experienced constipation and hives and irritable. It helped but had side effects.,5,2024-10-04 13:00:00,Acetaminophen
99,Advil,I took Advil and experienced headache. It helped but had side effects.,1,2024-08-08 17:00:00,Ibuprofen
100,Glucophage,I took Glucophage and experienced vomiting and itching and fatigue. It helped but had side effects.,5,2024-05-23 03:00:00,Metformin
101,Tylenol,I took Tylenol and experienced constipation and blood pressure and vomiting. It helped but had side effects.,5,2024-06-15 05:00:00,Acetaminophen
102,Glucophage,I took Glucophage and experienced insomnia and headache. It helped but had side effects.,5,2024-04-05 09:00:00,Metformin
103,Glucophage,I took Glucophage and experienced blood pressure. It helped but had side effects.,5,2024-06-29 04:00:00,Metformin
104,Metformin,I took Metformin and experienced hives and insomnia and headache. It helped but had side effects.,5,2024-12-15 02:00:00,Metformin
105,Tylenol,I took Tylenol and experienced dizzy. It helped but had side effects.,1,2025-04-01 02:00:00,Acetaminophen
106,Acetaminophen,I took Acetaminophen and experienced headache. It helped but had side effects.,4,2025-01-11 06:00:00,Acetaminophen
107,Ibuprofen,I took Ibuprofen and experienced rash and redness and dizzy. It helped but had side effects.,3,2024-06-03 08:00:00,Ibuprofen
108,Metformin,I took Metformin and experienced brain fog. It helped but had side effects.,1,2025-02-23 07:00:00,Metformin
109,Advil,I took Advil and experienced itching. It helped but had side effects.,3,2024-03-15 20:00:00,Ibuprofen
110,Glucophage,I took Glucophage and experienced nausea and stomach cramps and constipation. It helped but had side effects.,2,2024-12-26 21:00:00,Metformin
111,Glucophage,I took Glucophage and experienced insomnia. It helped but had side effects.,3,2024-07-11 03:00:00,Metformin
112,Glucophage,I took Glucophage and experienced brain fog. It helped but had side effects.,2,2025-05-17 07:00:00,Metformin
113,Ibuprofen,I took Ibuprofen and experienced fatigue and vomiting. It helped but had side effects.,4,2025-06-05 05:00:00,Ibuprofen
114,Tylenol,I took Tylenol and experienced brain fog. It helped but had side effects.,4,2024-11-30 02:00:00,Acetaminophen
115,Tylenol,I took Tylenol and experienced fatigue. It helped but had side effects.,1,2024-07-01 00:00:00,Acetaminophen
116,Ibuprofen,I took Ibuprofen and experienced dizzy. It helped but had side effects.,3,2025-08-28 16:00:00,Ibuprofen
117,Ibuprofen,I took Ibuprofen and experienced rash and brain fog and constipation. It helped but had side effects.,2,2024-04-14 06:00:00,Ibuprofen
118,Advil,I took Advil and experienced constipation and rash. It helped but had side effects.,4,2024-05-04 11:00:00,Ibuprofen
119,Ibuprofen,I took Ibuprofen and experienced brain fog. It helped but had side effects.,3,2024-02-24 21:00:00,Ibuprofen
120,Tylenol,I took Tylenol and experienced nausea and itching. It helped but had side effects.,4,2025-01-06 03:00:00,Acetaminophen
121,Acetaminophen,I took Acetaminophen and experienced nausea. It helped but had side effects.,5,2024-08-18 23:00:00,Acetaminophen
122,Ibuprofen,I took Ibuprofen and experienced headache. It helped but had side effects.,5,2025-01-29 10:00:00,Ibuprofen
123,Tylenol,I took Tylenol and experienced rash. It helped but had side effects.,5,2024-06-25 09:00:00,Acetaminophen
124,Metformin,I took Metformin and experienced irritable. It helped but had side effects.,3,2024-12-30 16:00:00,Metformin
125,Tylenol,I took Tylenol and experienced anxiety. It helped but had side effects.,5,2024-09-13 20:00:00,Acetaminophen
126,Glucophage,I took Glucophage and experienced redness and brain fog and chest pain. It helped but had side effects.,1,2024-12-29 15:00:00,Metformin
127,Metformin,I took Metformin and experienced constipation. It helped but had side effects.,2,2025-01-14 00:00:00,Metformin
128,Ibuprofen,I took Ibuprofen and experienced blood pressure and brain fog and anxiety. It helped but had side effects.,1,2024-04-13 08:00:00,Ibuprofen
129,Ibuprofen,I took Ibuprofen and experienced nausea and bloating and palpitations. It helped but had side effects.,5,2024-02-04 07:00:00,Ibuprofen
130,Ibuprofen,I took Ibuprofen and experienced irritable. It helped but had side effects.,2,2025-03-31 12:00:00,Ibuprofen
131,Advil,I took Advil and experienced tremor. It helped but had side effects.,4,2024-05-20 20:00:00,Ibuprofen
132,Glucophage,I took Glucophage and experienced stomach cramps and insomnia and itching. It helped but had side effects.,1,2024-10-07 20:00:00,Metformin
133,Glucophage,I took Glucophage and experienced brain fog. It helped but had side effects.,5,2025-06-22 08:00:00,Metformin
134,Ibuprofen,I took Ibuprofen and experienced redness and panic and irritable. It helped but had side effects.,3,2024-07-03 16:00:00,Ibuprofen
135,Tylenol,I took Tylenol and experienced brain fog and constipation. It helped but had side effects.,4,2024-02-17 19:00:00,Acetaminophen
136,Advil,I took Advil and experienced rash. It helped but had side effects.,5,2025-08-13 13:00:00,Ibuprofen
137,Metformin,I took Metformin and experienced nausea. It helped but had side effects.,3,2025-04-29 18:00:00,Metformin
138,Ibuprofen,I took Ibuprofen and experienced redness. It helped but had side effects.,5,2024-11-21 03:00:00,Ibuprofen
139,Glucophage,I took Glucophage and experienced chest pain and vomiting and bloating. It helped but had side effects.,3,2024-05-19 09:00:00,Metformin
140,Ibuprofen,I took Ibuprofen and experienced panic. It helped but had side effects.,1,2025-08-13 06:00:00,Ibuprofen
141,Acetaminophen,I took Acetaminophen and experienced dizzy and redness. It helped but had side effects.,4,2024-08-05 16:00:00,Acetaminophen
142,Tylenol,I took Tylenol and experienced hives. It helped but had side effects.,5,2025-08-10 06:00:00,Acetaminophen
143,Advil,I took Advil and experienced brain fog. It helped but had side effects.,2,2025-07-25 16:00:00,Ibuprofen
144,Ibuprofen,I took Ibuprofen and experienced nausea. It helped but had side effects.,1,2024-01-11 10:00:00,Ibuprofen
145,Tylenol,I took Tylenol and experienced dizzy and nausea. It helped but had side effects.,1,2025-08-17 21:00:00,Acetaminophen
146,Advil,I took Advil and experienced dizzy. It helped but had side effects.,1,2024-02-22 07:00:00,Ibuprofen
147,Ibuprofen,I took Ibuprofen and experienced depression and hives and stomach cramps. It helped but had side effects.,1,2025-06-24 02:00:00,Ibuprofen
148,Metformin,I took Metformin and experienced hives and stomach cramps and tremor. It helped but had side effects.,4,2025-03-22 03:00:00,Metformin
149,Advil,I took Advil and experienced anxiety. It helped but had side effects.,4,2024-11-11 04:00:00,Ibuprofen
150,Tylenol,I took Tylenol and experienced constipation. It helped but had side effects.,2,2024-07-16 11:00:00,Acetaminophen
151,Ibuprofen,I took Ibuprofen and experienced palpitations. It helped but had side effects.,2,2024-04-02 10:00:00,Ibuprofen
152,Glucophage,I took Glucophage and experienced irritable and fatigue. It helped but had side effects.,5,2024-10-21 20:00:00,Metformin
153,Advil,I took Advil and experienced depression and panic and blood pressure. It helped but had side effects.,3,2024-02-22 01:00:00,Ibuprofen
154,Acetaminophen,I took Acetaminophen and experienced tremor. It helped but had side effects.,2,2025-05-08 05:00:00,Acetaminophen
155,Acetaminophen,I took Acetaminophen and experienced irritable. It helped but had side effects.,4,2024-07-04 07:00:00,Acetaminophen
156,Acetaminophen,I took Acetaminophen and experienced diarrhea. It helped but had side effects.,5,2024-06-28 01:00:00,Acetaminophen
157,Ibuprofen,I took Ibuprofen and experienced stomach cramps. It helped but had side effects.,4,2025-06-08 13:00:00,Ibuprofen
158,Ibuprofen,I took Ibuprofen and experienced headache. It helped but had side effects.,4,2025-06-19 10:00:00,Ibuprofen
159,Metformin,I took Metformin and experienced nausea. It helped but had side effects.,5,2025-05-17 05:00:00,Metformin
160,Advil,I took Advil and experienced redness and stomach cramps and irritable. It helped but had side effects.,3,2025-08-28 00:00:00,Ibuprofen
161,Advil,I took Advil and experienced redness. It helped but had side effects.,2,2024-06-22 14:00:00,Ibuprofen
162,Glucophage,I took Glucophage and experienced tremor. It helped but had side effects.,1,2024-01-22 22:00:00,Metformin
163,Glucophage,I took Glucophage and experienced blood pressure. It helped but had side effects.,1,2025-02-28 05:00:00,Metformin
164,Advil,I took Advil and experienced fatigue and anxiety. It helped but had side effects.,5,2025-01-27 01:00:00,Ibuprofen
165,Glucophage,I took Glucophage and experienced fatigue and anxiety and vomiting. It helped but had side effects.,1,2024-03-20 13:00:00,Metformin
166,Ibuprofen,I took Ibuprofen and experienced palpitations and stomach cramps and tremor. It helped but had side effects.,1,2025-05-02 21:00:00,Ibuprofen
167,Advil,I took Advil and experienced vomiting. It helped but had side effects.,2,2025-08-01 01:00:00,Ibuprofen
168,Glucophage,I took Glucophage and experienced stomach cramps and insomnia. It helped but had side effects.,2,2025-05-17 18:00:00,Metformin
169,Advil,I took Advil and experienced dizzy and panic and itching. It helped but had side effects.,2,2025-08-02 12:00:00,Ibuprofen
170,Glucophage,I took Glucophage and experienced diarrhea. It helped but had side effects.,5,2025-06-20 14:00:00,Metformin
171,Ibuprofen,I took Ibuprofen and experienced nausea. It helped but had side effects.,3,2024-04-15 17:00:00,Ibuprofen
172,Metformin,I took Metformin and experienced diarrhea and anxiety and redness. It helped but had side effects.,2,2025-08-08 06:00:00,Metformin
173,Ibuprofen,I took Ibuprofen and experienced itching. It helped but had side effects.,1,2024-02-01 17:00:00,Ibuprofen
174,Glucophage,I took Glucophage and experienced bloating. It helped but had side effects.,5,2025-05-11 20:00:00,Metformin
175,Glucophage,I took Glucophage and experienced bloating. It helped but had side effects.,5,2025-03-08 23:00:00,Metformin
176,Glucophage,I took Glucophage and experienced insomnia and brain fog. It helped but had side effects.,4,2024-09-02 03:00:00,Metformin
177,Advil,I took Advil and experienced blood pressure. It helped but had side effects.,3,2025-08-04 22:00:00,Ibuprofen
178,Metformin,I took Metformin and experienced redness and anxiety. It helped but had side effects.,4,2024-02-19 23:00:00,Metformin
179,Glucophage,I took Glucophage and experienced constipation and vomiting. It helped but had side effects.,3,2024-12-04 16:00:00,Metformin
180,Tylenol,I took Tylenol and experienced vomiting. It helped but had side effects.,2,2024-06-10 00:00:00,Acetaminophen
181,Ibuprofen,I took Ibuprofen and experienced headache and constipation and rash. It helped but had side effects.,4,2024-09-21 06:00:00,Ibuprofen
182,Metformin,I took Metformin and experienced insomnia. It helped but had side effects.,4,2024-11-01 16:00:00,Metformin
183,Metformin,I took Metformin and experienced fatigue. It helped but had side effects.,3,2024-11-06 00:00:00,Metformin
184,Advil,I took Advil and experienced bloating. It helped but had side effects.,2,2025-08-10 03:00:00,Ibuprofen
185,Advil,I took Advil and experienced palpitations. It helped but had side effects.,3,2024-05-23 15:00:00,Ibuprofen
186,Glucophage,I took Glucophage and experienced panic and brain fog. It helped but had side effects.,5,2025-07-31 06:00:00,Metformin
187,Ibuprofen,I took Ibuprofen and experienced tremor and panic. It helped but had side effects.,1,2024-08-28 07:00:00,Ibuprofen
188,Advil,I took Advil and experienced bloating and redness and insomnia. It helped but had side effects.,3,2024-09-17 04:00:00,Ibuprofen
189,Tylenol,I took Tylenol and experienced fatigue. It helped but had side effects.,3,2024-10-17 11:00:00,Acetaminophen
190,Glucophage,I took Glucophage and experienced fatigue and nausea. It helped but had side effects.,4,2024-06-04 11:00:00,Metformin
191,Glucophage,I took Glucophage and experienced stomach cramps. It helped but had side effects.,3,2024-10-16 11:00:00,Metformin
192,Ibuprofen,I took Ibuprofen and experienced bloating and headache. It helped but had side effects.,3,2024-04-04 11:00:00,Ibuprofen
193,Acetaminophen,I took Acetaminophen and experienced blood pressure. It helped but had side effects.,1,2024-10-21 19:00:00,Acetaminophen
194,Tylenol,I took Tylenol and experienced itching. It helped but had side effects.,2,2024-04-10 02:00:00,Acetaminophen
195,Advil,I took Advil and experienced redness. It helped but had side effects.,1,2025-08-12 15:00:00,Ibuprofen
196,Ibuprofen,I took Ibuprofen and experienced blood pressure and fatigue. It helped but had side effects.,4,2025-07-30 04:00:00,Ibuprofen
197,Advil,I took Advil and experienced dizzy. It helped but had side effects.,2,2024-03-10 14:00:00,Ibuprofen
198,Metformin,I took Metformin and experienced stomach cramps and dizzy and chest pain. It helped but had side effects.,4,2025-01-28 03:00:00,Metformin
199,Acetaminophen,I took Acetaminophen and experienced tremor and anxiety. It helped but had side effects.,5,2025-05-10 12:00:00,Acetaminophen
200,Ibuprofen,I took Ibuprofen and experienced diarrhea and hives. It helped but had side effects.,2,2024-02-04 06:00:00,Ibuprofen
201,Metformin,I took Metformin and experienced constipation. It helped but had side effects.,5,2024-12-12 03:00:00,Metformin
202,Ibuprofen,I took Ibuprofen and experienced anxiety. It helped but had side effects.,3,2025-02-26 19:00:00,Ibuprofen
203,Advil,I took Advil and experienced diarrhea and rash. It helped but had side effects.,5,2024-02-24 11:00:00,Ibuprofen
204,Tylenol,I took Tylenol and experienced panic and fatigue and bloating. It helped but had side effects.,1,2024-04-01 00:00:00,Acetaminophen
205,Ibuprofen,I took Ibuprofen and experienced tremor and brain fog. It helped but had side effects.,3,2024-06-08 05:00:00,Ibuprofen
206,Acetaminophen,I took Acetaminophen and experienced vomiting and headache. It helped but had side effects.,1,2025-05-08 21:00:00,Acetaminophen
207,Acetaminophen,I took Acetaminophen and experienced brain fog and dizzy and anxiety. It helped but had side effects.,2,2024-12-27 16:00:00,Acetaminophen
208,Metformin,I took Metformin and experienced tremor and nausea. It helped but had side effects.,1,2024-06-09 02:00:00,Metformin
209,Acetaminophen,I took Acetaminophen and experienced stomach cramps and bloating and headache. It helped but had side effects.,1,2025-01-18 12:00:00,Acetaminophen
210,Tylenol,I took Tylenol and experienced constipation and anxiety. It helped but had side effects.,3,2024-06-18 20:00:00,Acetaminophen
211,Glucophage,I took Glucophage and experienced insomnia and headache. It helped but had side effects.,1,2024-03-28 07:00:00,Metformin
212,Ibuprofen,I took Ibuprofen and experienced brain fog. It helped but had side effects.,4,2025-04-17 07:00:00,Ibuprofen
213,Glucophage,I took Glucophage and experienced hives. It helped but had side effects.,3,2024-04-30 08:00:00,Metformin
214,Tylenol,I took Tylenol and experienced fatigue. It helped but had side effects.,3,2024-05-09 22:00:00,Acetaminophen
215,Advil,I took Advil and experienced hives and headache and insomnia. It helped but had side effects.,3,2024-03-24 00:00:00,Ibuprofen
216,Ibuprofen,I took Ibuprofen and experienced itching. It helped but had side effects.,5,2025-05-14 13:00:00,Ibuprofen
217,Advil,I took Advil and experienced anxiety. It helped but had side effects.,5,2025-07-08 01:00:00,Ibuprofen
218,Acetaminophen,I took Acetaminophen and experienced constipation. It helped but had side effects.,4,2024-08-31 23:00:00,Acetaminophen
219,Glucophage,I took Glucophage and experienced stomach cramps and chest pain and insomnia. It helped but had side effects.,1,2024-01-02 18:00:00,Metformin
220,Metformin,I took Metformin and experienced bloating. It helped but had side effects.,3,2025-02-22 15:00:00,Metformin
221,Advil,I took Advil and experienced vomiting. It helped but had side effects.,3,2024-01-08 02:00:00,Ibuprofen
222,Ibuprofen,I took Ibuprofen and experienced irritable. It helped but had side effects.,3,2024-09-04 18:00:00,Ibuprofen
223,Advil,I took Advil and experienced constipation. It helped but had side effects.,1,2024-05-09 05:00:00,Ibuprofen
224,Acetaminophen,I took Acetaminophen and experienced depression. It helped but had side effects.,1,2025-01-28 20:00:00,Acetaminophen
225,Ibuprofen,I took Ibuprofen and experienced bloating. It helped but had side effects.,3,2025-02-20 12:00:00,Ibuprofen
226,Metformin,I took Metformin and experienced dizzy. It helped but had side effects.,2,2025-03-25 19:00:00,Metformin
227,Tylenol,I took Tylenol and experienced headache and anxiety. It helped but had side effects.,4,2024-09-27 08:00:00,Acetaminophen
228,Ibuprofen,I took Ibuprofen and experienced irritable and dizzy. It helped but had side effects.,3,2024-02-07 13:00:00,Ibuprofen
229,Glucophage,I took Glucophage and experienced palpitations. It helped but had side effects.,3,2024-10-06 14:00:00,Metformin
230,Glucophage,I took Glucophage and experienced panic and nausea. It helped but had side effects.,2,2024-04-17 09:00:00,Metformin
231,Glucophage,I took Glucophage and experienced headache. It helped but had side effects.,3,2024-05-01 23:00:00,Metformin
232,Acetaminophen,I took Acetaminophen and experienced bloating. It helped but had side effects.,2,2024-05-08 14:00:00,Acetaminophen
233,Ibuprofen,I took Ibuprofen and experienced diarrhea and stomach cramps and redness. It helped but had side effects.,1,2024-02-20 06:00:00,Ibuprofen
234,Acetaminophen,I took Acetaminophen and experienced insomnia and constipation and chest pain. It helped but had side effects.,5,2024-03-14 15:00:00,Acetaminophen
235,Ibuprofen,I took Ibuprofen and experienced palpitations and tremor. It helped but had side effects.,5,2024-08-18 20:00:00,Ibuprofen
236,Advil,I took Advil and experienced vomiting and bloating. It helped but had side effects.,2,2024-05-09 11:00:00,Ibuprofen
237,Metformin,I took Metformin and experienced insomnia. It helped but had side effects.,3,2024-08-30 13:00:00,Metformin
238,Glucophage,I took Glucophage and experienced panic. It helped but had side effects.,5,2024-03-27 21:00:00,Metformin
239,Advil,I took Advil and experienced palpitations. It helped but had side effects.,4,2024-09-25 17:00:00,Ibuprofen
240,Tylenol,I took Tylenol and experienced rash and stomach cramps and dizzy. It helped but had side effects.,5,2024-05-07 17:00:00,Acetaminophen
241,Tylenol,I took Tylenol and experienced diarrhea. It helped but had side effects.,1,2024-12-22 15:00:00,Acetaminophen
242,Ibuprofen,I took Ibuprofen and experienced blood pressure and insomnia and panic. It helped but had side effects.,5,2025-05-12 23:00:00,Ibuprofen
243,Tylenol,I took Tylenol and experienced vomiting. It helped but had side effects.,3,2025-04-11 15:00:00,Acetaminophen
244,Metformin,I took Metformin and experienced vomiting and palpitations and hives. It helped but had side effects.,3,2024-12-05 02:00:00,Metformin
245,Advil,I took Advil and experienced stomach cramps. It helped but had side effects.,5,2024-07-17 05:00:00,Ibuprofen
246,Ibuprofen,I took Ibuprofen and experienced bloating and redness and palpitations. It helped but had side effects.,1,2024-04-10 20:00:00,Ibuprofen
247,Metformin,I took Metformin and experienced stomach cramps and bloating and headache. It helped but had side effects.,4,2024-09-13 18:00:00,Metformin
248,Ibuprofen,I took Ibuprofen and experienced irritable and headache. It helped but had side effects.,1,2024-07-27 00:00:00,Ibuprofen
249,Metformin,I took Metformin and experienced stomach cramps and constipation and anxiety. It helped but had side effects.,5,2024-02-12 08:00:00,Metformin
250,Acetaminophen,I took Acetaminophen and experienced panic. It helped but had side effects.,3,2025-02-24 02:00:00,Acetaminophen
251,Advil,I took Advil and experienced diarrhea and bloating and irritable. It helped but had side effects.,2,2024-03-18 12:00:00,Ibuprofen
252,Glucophage,I took Glucophage and experienced fatigue and rash. It helped but had side effects.,1,2024-08-08 14:00:00,Metformin
253,Acetaminophen,I took Acetaminophen and experienced dizzy. It helped but had side effects.,4,2025-07-14 05:00:00,Acetaminophen
254,Advil,I took Advil and experienced palpitations and dizzy and anxiety. It helped but had side effects.,4,2025-04-22 11:00:00,Ibuprofen
255,Acetaminophen,I took Acetaminophen and experienced chest pain. It helped but had side effects.,3,2025-06-30 02:00:00,Acetaminophen
256,Ibuprofen,I took Ibuprofen and experienced redness. It helped but had side effects.,2,2024-02-25 21:00:00,Ibuprofen
257,Advil,I took Advil and experienced anxiety and depression. It helped but had side effects.,3,2024-04-06 22:00:00,Ibuprofen
258,Advil,I took Advil and experienced headache. It helped but had side effects.,1,2024-09-01 22:00:00,Ibuprofen
259,Tylenol,I took Tylenol and experienced blood pressure and anxiety and diarrhea. It helped but had side effects.,3,2024-03-14 22:00:00,Acetaminophen
260,Acetaminophen,I took Acetaminophen and experienced depression. It helped but had side effects.,5,2025-04-09 10:00:00,Acetaminophen
261,Advil,I took Advil and experienced hives. It helped but had side effects.,1,2025-07-08 02:00:00,Ibuprofen
262,Advil,I took Advil and experienced irritable and diarrhea. It helped but had side effects.,3,2024-10-22 14:00:00,Ibuprofen
263,Tylenol,I took Tylenol and experienced nausea. It helped but had side effects.,1,2025-09-02 09:00:00,Acetaminophen
264,Glucophage,I took Glucophage and experienced fatigue and hives. It helped but had side effects.,5,2025-03-13 02:00:00,Metformin
265,Metformin,I took Metformin and experienced diarrhea and headache. It helped but had side effects.,5,2024-02-04 00:00:00,Metformin
266,Metformin,I took Metformin and experienced depression and itching. It helped but had side effects.,3,2024-09-14 07:00:00,Metformin
267,Advil,I took Advil and experienced dizzy. It helped but had side effects.,4,2024-03-22 21:00:00,Ibuprofen
268,Glucophage,I took Glucophage and experienced vomiting. It helped but had side effects.,1,2025-06-09 11:00:00,Metformin
269,Metformin,I took Metformin and experienced chest pain and redness and fatigue. It helped but had side effects.,3,2024-07-03 13:00:00,Metformin
270,Tylenol,I took Tylenol and experienced palpitations and dizzy. It helped but had side effects.,1,2025-08-05 03:00:00,Acetaminophen
271,Ibuprofen,I took Ibuprofen and experienced constipation and nausea. It helped but had side effects.,2,2025-05-17 04:00:00,Ibuprofen
272,Metformin,I took Metformin and experienced tremor and diarrhea. It helped but had side effects.,1,2024-11-13 23:00:00,Metformin
273,Advil,I took Advil and experienced nausea and itching. It helped but had side effects.,5,2025-08-07 19:00:00,Ibuprofen
274,Tylenol,I took Tylenol and experienced tremor and redness and constipation. It helped but had side effects.,3,2024-11-25 21:00:00,Acetaminophen
275,Acetaminophen,I took Acetaminophen and experienced nausea. It helped but had side effects.,2,2024-02-16 19:00:00,Acetaminophen
276,Tylenol,I took Tylenol and experienced panic. It helped but had side effects.,4,2024-03-30 11:00:00,Acetaminophen
277,Acetaminophen,I took Acetaminophen and experienced stomach cramps and hives. It helped but had side effects.,4,2024-04-30 18:00:00,Acetaminophen
278,Acetaminophen,I took Acetaminophen and experienced insomnia and hives and depression. It helped but had side effects.,5,2024-02-29 17:00:00,Acetaminophen
279,Glucophage,I took Glucophage and experienced palpitations and diarrhea. It helped but had side effects.,1,2025-01-28 10:00:00,Metformin
280,Tylenol,I took Tylenol and experienced redness. It helped but had side effects.,3,2024-09-05 22:00:00,Acetaminophen
281,Metformin,I took Metformin and experienced tremor and insomnia. It helped but had side effects.,5,2024-02-12 15:00:00,Metformin
282,Glucophage,I took Glucophage and experienced nausea. It helped but had side effects.,3,2025-03-04 12:00:00,Metformin
283,Acetaminophen,I took Acetaminophen and experienced stomach cramps. It helped but had side effects.,2,2024-10-04 19:00:00,Acetaminophen
284,Metformin,I took Metformin and experienced rash and fatigue. It helped but had side effects.,4,2025-05-14 15:00:00,Metformin
285,Glucophage,I took Glucophage and experienced insomnia. It helped but had side effects.,3,2024-04-27 23:00:00,Metformin
286,Acetaminophen,I took Acetaminophen and experienced bloating and stomach cramps and redness. It helped but had side effects.,3,2024-05-19 18:00:00,Acetaminophen
287,Tylenol,I took Tylenol and experienced brain fog and tremor and irritable. It helped but had side effects.,4,2024-10-01 15:00:00,Acetaminophen
288,Ibuprofen,I took Ibuprofen and experienced anxiety. It helped but had side effects.,2,2024-06-08 20:00:00,Ibuprofen
289,Metformin,I took Metformin and experienced diarrhea. It helped but had side effects.,1,2024-02-07 03:00:00,Metformin
290,Glucophage,I took Glucophage and experienced bloating and hives. It helped but had side effects.,5,2025-07-26 15:00:00,Metformin
291,Glucophage,I took Glucophage and experienced chest pain. It helped but had side effects.,1,2024-12-30 03:00:00,Metformin
292,Acetaminophen,I took Acetaminophen and experienced stomach cramps. It helped but had side effects.,3,2024-03-25 04:00:00,Acetaminophen
293,Ibuprofen,I took Ibuprofen and experienced palpitations and dizzy and tremor. It helped but had side effects.,3,2024-04-05 12:00:00,Ibuprofen
294,Ibuprofen,I took Ibuprofen and experienced redness and anxiety and headache. It helped but had side effects.,5,2024-01-21 08:00:00,Ibuprofen
295,Ibuprofen,I took Ibuprofen and experienced nausea and chest pain. It helped but had side effects.,3,2025-01-08 16:00:00,Ibuprofen
296,Advil,I took Advil and experienced dizzy. It helped but had side effects.,5,2024-02-16 05:00:00,Ibuprofen
297,Metformin,I took Metformin and experienced panic and fatigue. It helped but had side effects.,5,2025-01-20 15:00:00,Metformin
298,Ibuprofen,I took Ibuprofen and experienced headache. It helped but had side effects.,4,2024-11-28 05:00:00,Ibuprofen
299,Acetaminophen,I took Acetaminophen and experienced headache. It helped but had side effects.,5,2024-08-05 08:00:00,Acetaminophen
300,Metformin,I took Metformin and experienced vomiting and redness. It helped but had side effects.,4,2024-03-13 00:00:00,Metformin
301,Metformin,I took Metformin and experienced nausea and anxiety. It helped but had side effects.,3,2024-06-10 05:00:00,Metformin
302,Metformin,I took Metformin and experienced headache. It helped but had side effects.,3,2025-05-11 14:00:00,Metformin
303,Metformin,I took Metformin and experienced brain fog. It helped but had side effects.,2,2025-05-24 05:00:00,Metformin
304,Tylenol,I took Tylenol and experienced palpitations and itching. It helped but had side effects.,2,2024-09-07 14:00:00,Acetaminophen
305,Tylenol,I took Tylenol and experienced panic. It helped but had side effects.,2,2025-08-09 02:00:00,Acetaminophen
306,Glucophage,I took Glucophage and experienced irritable and itching and redness. It helped but had side effects.,1,2025-05-26 12:00:00,Metformin
307,Metformin,I took Metformin and experienced bloating. It helped but had side effects.,3,2024-02-28 08:00:00,Metformin
308,Tylenol,I took Tylenol and experienced constipation. It helped but had side effects.,3,2024-07-29 13:00:00,Acetaminophen
309,Glucophage,I took Glucophage and experienced diarrhea. It helped but had side effects.,1,2024-12-05 02:00:00,Metformin
310,Glucophage,I took Glucophage and experienced itching. It helped but had side effects.,5,2025-01-04 11:00:00,Metformin
311,Advil,I took Advil and experienced fatigue. It helped but had side effects.,4,2024-06-24 01:00:00,Ibuprofen
312,Glucophage,I took Glucophage and experienced bloating. It helped but had side effects.,1,2025-06-15 09:00:00,Metformin
313,Ibuprofen,I took Ibuprofen and experienced hives. It helped but had side effects.,2,2025-05-24 08:00:00,Ibuprofen
314,Tylenol,I took Tylenol and experienced bloating and blood pressure. It helped but had side effects.,3,2025-05-18 19:00:00,Acetaminophen
315,Glucophage,I took Glucophage and experienced fatigue. It helped but had side effects.,5,2025-04-23 19:00:00,Metformin
316,Ibuprofen,I took Ibuprofen and experienced depression. It helped but had side effects.,4,2024-12-18 16:00:00,Ibuprofen
317,Glucophage,I took Glucophage and experienced anxiety and brain fog. It helped but had side effects.,5,2024-03-20 00:00:00,Metformin
318,Metformin,I took Metformin and experienced dizzy and depression. It helped but had side effects.,2,2024-08-02 01:00:00,Metformin
319,Metformin,I took Metformin and experienced chest pain and diarrhea and palpitations. It helped but had side effects.,3,2024-02-15 03:00:00,Metformin
320,Metformin,I took Metformin and experienced redness. It helped but had side effects.,1,2025-08-09 21:00:00,Metformin
321,Tylenol,I took Tylenol and experienced irritable. It helped but had side effects.,2,2024-01-19 04:00:00,Acetaminophen
322,Metformin,I took Metformin and experienced fatigue and hives and blood pressure. It helped but had side effects.,1,2024-04-25 11:00:00,Metformin
323,Glucophage,I took Glucophage and experienced bloating and brain fog and anxiety. It helped but had side effects.,1,2025-02-23 14:00:00,Metformin
324,Glucophage,I took Glucophage and experienced rash and fatigue. It helped but had side effects.,4,2024-09-07 15:00:00,Metformin
325,Metformin,I took Metformin and experienced rash. It helped but had side effects.,3,2024-08-31 05:00:00,Metformin
326,Acetaminophen,I took Acetaminophen and experienced vomiting. It helped but had side effects.,1,2025-03-14 14:00:00,Acetaminophen
327,Ibuprofen,I took Ibuprofen and experienced fatigue and rash. It helped but had side effects.,4,2025-02-19 11:00:00,Ibuprofen
328,Tylenol,I took Tylenol and experienced diarrhea. It helped but had side effects.,2,2024-02-13 07:00:00,Acetaminophen
329,Advil,I took Advil and experienced irritable. It helped but had side effects.,4,2025-05-02 03:00:00,Ibuprofen
330,Acetaminophen,I took Acetaminophen and experienced anxiety and palpitations. It helped but had side effects.,2,2024-06-28 06:00:00,Acetaminophen
331,Tylenol,I took Tylenol and experienced dizzy. It helped but had side effects.,5,2024-02-03 11:00:00,Acetaminophen
332,Tylenol,I took Tylenol and experienced diarrhea. It helped but had side effects.,3,2025-01-12 07:00:00,Acetaminophen
333,Advil,I took Advil and experienced rash. It helped but had side effects.,1,2024-09-23 10:00:00,Ibuprofen
334,Metformin,I took Metformin and experienced headache and chest pain and depression. It helped but had side effects.,3,2024-06-20 02:00:00,Metformin
335,Glucophage,I took Glucophage and experienced hives and irritable and insomnia. It helped but had side effects.,5,2025-04-18 18:00:00,Metformin
336,Advil,I took Advil and experienced insomnia and headache and itching. It helped but had side effects.,4,2025-03-08 19:00:00,Ibuprofen
337,Metformin,I took Metformin and experienced insomnia and brain fog and fatigue. It helped but had side effects.,4,2025-02-06 08:00:00,Metformin
338,Tylenol,I took Tylenol and experienced itching. It helped but had side effects.,4,2025-04-27 08:00:00,Acetaminophen
339,Glucophage,I took Glucophage and experienced rash. It helped but had side effects.,3,2025-01-08 06:00:00,Metformin
340,Tylenol,I took Tylenol and experienced brain fog and anxiety. It helped but had side effects.,1,2024-01-23 15:00:00,Acetaminophen
341,Tylenol,I took Tylenol and experienced rash. It helped but had side effects.,1,2025-06-25 18:00:00,Acetaminophen
342,Tylenol,I took Tylenol and experienced depression and brain fog and bloating. It helped but had side effects.,3,2024-09-27 08:00:00,Acetaminophen
343,Acetaminophen,I took Acetaminophen and experienced brain fog and depression. It helped but had side effects.,2,2025-07-26 05:00:00,Acetaminophen
344,Tylenol,I took Tylenol and experienced redness and fatigue. It helped but had side effects.,2,2025-04-24 16:00:00,Acetaminophen
345,Glucophage,I took Glucophage and experienced headache. It helped but had side effects.,4,2024-10-11 06:00:00,Metformin
346,Acetaminophen,I took Acetaminophen and experienced constipation and stomach cramps. It helped but had side effects.,2,2024-02-03 02:00:00,Acetaminophen
347,Ibuprofen,I took Ibuprofen and experienced fatigue and blood pressure. It helped but had side effects.,3,2024-05-31 06:00:00,Ibuprofen
348,Advil,I took Advil and experienced fatigue. It helped but had side effects.,5,2024-05-05 13:00:00,Ibuprofen
349,Glucophage,I took Glucophage and experienced irritable. It helped but had side effects.,3,2025-07-18 06:00:00,Metformin
350,Glucophage,I took Glucophage and experienced redness. It helped but had side effects.,4,2025-06-10 06:00:00,Metformin
351,Acetaminophen,I took Acetaminophen and experienced depression and tremor and nausea. It helped but had side effects.,2,2024-11-18 22:00:00,Acetaminophen
352,Tylenol,I took Tylenol and experienced brain fog. It helped but had side effects.,5,2024-06-10 17:00:00,Acetaminophen
353,Metformin,I took Metformin and experienced panic. It helped but had side effects.,4,2024-05-12 03:00:00,Metformin
354,Metformin,I took Metformin and experienced redness and irritable. It helped but had side effects.,3,2024-11-29 12:00:00,Metformin
355,Acetaminophen,I took Acetaminophen and experienced vomiting. It helped but had side effects.,2,2025-09-05 19:00:00,Acetaminophen
356,Ibuprofen,I took Ibuprofen and experienced panic and redness and depression. It helped but had side effects.,1,2024-12-26 19:00:00,Ibuprofen
357,Acetaminophen,I took Acetaminophen and experienced anxiety. It helped but had side effects.,1,2025-01-10 04:00:00,Acetaminophen
358,Tylenol,I took Tylenol and experienced headache. It helped but had side effects.,3,2024-04-10 06:00:00,Acetaminophen
359,Glucophage,I took Glucophage and experienced insomnia and constipation and stomach cramps. It helped but had side effects.,1,2025-06-17 17:00:00,Metformin
360,Ibuprofen,I took Ibuprofen and experienced constipation and stomach cramps and itching. It helped but had side effects.,2,2024-03-10 12:00:00,Ibuprofen
361,Glucophage,I took Glucophage and experienced insomnia and panic and redness. It helped but had side effects.,4,2025-05-08 23:00:00,Metformin
362,Advil,I took Advil and experienced palpitations and fatigue. It helped but had side effects.,2,2025-05-22 00:00:00,Ibuprofen
363,Glucophage,I took Glucophage and experienced anxiety. It helped but had side effects.,2,2025-09-15 14:00:00,Metformin
364,Advil,I took Advil and experienced bloating. It helped but had side effects.,1,2024-10-20 23:00:00,Ibuprofen
365,Metformin,I took Metformin and experienced vomiting and constipation and diarrhea. It helped but had side effects.,5,2025-09-05 15:00:00,Metformin
366,Ibuprofen,I took Ibuprofen and experienced diarrhea. It helped but had side effects.,1,2024-06-16 00:00:00,Ibuprofen
367,Metformin,I took Metformin and experienced headache. It helped but had side effects.,4,2024-09-11 13:00:00,Metformin
368,Metformin,I took Metformin and experienced irritable and bloating. It helped but had side effects.,3,2025-08-29 20:00:00,Metformin
369,Tylenol,I took Tylenol and experienced itching and tremor. It helped but had side effects.,4,2024-02-11 02:00:00,Acetaminophen
370,Glucophage,I took Glucophage and experienced fatigue and dizzy and vomiting. It helped but had side effects.,2,2025-02-13 13:00:00,Metformin
371,Advil,I took Advil and experienced irritable and depression and panic. It helped but had side effects.,4,2024-02-17 22:00:00,Ibuprofen
372,Glucophage,I took Glucophage and experienced bloating and irritable and tremor. It helped but had side effects.,1,2025-08-02 06:00:00,Metformin
373,Metformin,I took Metformin and experienced anxiety and depression. It helped but had side effects.,1,2025-04-04 02:00:00,Metformin
374,Acetaminophen,I took Acetaminophen and experienced bloating. It helped but had side effects.,2,2024-01-08 17:00:00,Acetaminophen
375,Advil,I took Advil and experienced panic. It helped but had side effects.,4,2025-05-30 06:00:00,Ibuprofen
376,Acetaminophen,I took Acetaminophen and experienced chest pain and itching and diarrhea. It helped but had side effects.,5,2024-09-09 10:00:00,Acetaminophen
377,Advil,I took Advil and experienced stomach cramps. It helped but had side effects.,2,2025-01-12 15:00:00,Ibuprofen
378,Ibuprofen,I took Ibuprofen and experienced redness. It helped but had side effects.,5,2025-09-13 17:00:00,Ibuprofen
379,Tylenol,I took Tylenol and experienced diarrhea. It helped but had side effects.,5,2024-03-19 06:00:00,Acetaminophen
380,Acetaminophen,I took Acetaminophen and experienced anxiety and palpitations. It helped but had side effects.,3,2024-05-26 02:00:00,Acetaminophen
381,Acetaminophen,I took Acetaminophen and experienced brain fog and irritable. It helped but had side effects.,2,2024-03-31 11:00:00,Acetaminophen
382,Advil,I took Advil and experienced hives. It helped but had side effects.,3,2025-07-16 14:00:00,Ibuprofen
383,Tylenol,I took Tylenol and experienced vomiting and bloating. It helped but had side effects.,4,2025-04-18 17:00:00,Acetaminophen
384,Glucophage,I took Glucophage and experienced tremor and palpitations. It helped but had side effects.,1,2024-03-15 19:00:00,Metformin
385,Glucophage,I took Glucophage and experienced vomiting and constipation. It helped but had side effects.,2,2024-07-31 19:00:00,Metformin
386,Tylenol,I took Tylenol and experienced vomiting. It helped but had side effects.,5,2025-09-04 15:00:00,Acetaminophen
387,Advil,I took Advil and experienced brain fog and blood pressure. It helped but had side effects.,2,2025-01-21 07:00:00,Ibuprofen
388,Metformin,I took Metformin and experienced itching. It helped but had side effects.,2,2024-07-18 09:00:00,Metformin
389,Acetaminophen,I took Acetaminophen and experienced itching and palpitations. It helped but had side effects.,3,2024-11-12 05:00:00,Acetaminophen
390,Tylenol,I took Tylenol and experienced itching. It helped but had side effects.,4,2024-01-09 10:00:00,Acetaminophen
391,Advil,I took Advil and experienced constipation and tremor. It helped but had side effects.,5,2024-07-27 21:00:00,Ibuprofen
392,Glucophage,I took Glucophage and experienced dizzy. It helped but had side effects.,2,2024-07-15 04:00:00,Metformin
393,Metformin,I took Metformin and experienced hives. It helped but had side effects.,1,2024-03-12 01:00:00,Metformin
394,Tylenol,I took Tylenol and experienced brain fog and vomiting and chest pain. It helped but had side effects.,1,2024-09-01 22:00:00,Acetaminophen
395,Tylenol,I took Tylenol and experienced itching. It helped but had side effects.,3,2025-08-30 01:00:00,Acetaminophen
396,Metformin,I took Metformin and experienced depression and dizzy and headache. It helped but had side effects.,5,2025-09-09 13:00:00,Metformin
397,Glucophage,I took Glucophage and experienced dizzy. It helped but had side effects.,5,2025-07-15 11:00:00,Metformin
398,Acetaminophen,I took Acetaminophen and experienced chest pain and stomach cramps. It helped but had side effects.,1,2024-04-10 11:00:00,Acetaminophen
399,Glucophage,I took Glucophage and experienced chest pain and palpitations and rash. It helped but had side effects.,2,2024-02-01 01:00:00,Metformin
400,Acetaminophen,I took Acetaminophen and experienced fatigue and rash and bloating. It helped but had side effects.,1,2025-01-09 15:00:00,Acetaminophen
401,Ibuprofen,I took Ibuprofen and experienced constipation and rash. It helped but had side effects.,2,2025-03-07 01:00:00,Ibuprofen
402,Advil,I took Advil and experienced irritable and palpitations. It helped but had side effects.,4,2024-08-09 17:00:00,Ibuprofen
403,Ibuprofen,I took Ibuprofen and experienced blood pressure and hives. It helped but had side effects.,3,2024-08-07 22:00:00,Ibuprofen
404,Advil,I took Advil and experienced stomach cramps. It helped but had side effects.,5,2025-08-14 11:00:00,Ibuprofen
405,Metformin,I took Metformin and experienced dizzy. It helped but had side effects.,3,2024-07-07 10:00:00,Metformin
406,Tylenol,I took Tylenol and experienced insomnia. It helped but had side effects.,1,2025-04-15 02:00:00,Acetaminophen
407,Ibuprofen,I took Ibuprofen and experienced chest pain and tremor. It helped but had side effects.,3,2024-02-23 00:00:00,Ibuprofen
408,Tylenol,I took Tylenol and experienced vomiting. It helped but had side effects.,3,2024-07-30 18:00:00,Acetaminophen
409,Advil,I took Advil and experienced rash and chest pain and blood pressure. It helped but had side effects.,1,2024-10-10 05:00:00,Ibuprofen
410,Glucophage,I took Glucophage and experienced insomnia and itching and bloating. It helped but had side effects.,4,2025-04-05 04:00:00,Metformin
411,Glucophage,I took Glucophage and experienced vomiting. It helped but had side effects.,2,2025-04-29 18:00:00,Metformin
412,Glucophage,I took Glucophage and experienced rash. It helped but had side effects.,2,2025-08-27 21:00:00,Metformin
413,Tylenol,I took Tylenol and experienced insomnia and redness and blood pressure. It helped but had side effects.,5,2024-05-04 14:00:00,Acetaminophen
414,Glucophage,I took Glucophage and experienced diarrhea and chest pain. It helped but had side effects.,3,2024-03-26 05:00:00,Metformin
415,Metformin,I took Metformin and experienced tremor and itching. It helped but had side effects.,5,2025-07-16 07:00:00,Metformin
416,Glucophage,I took Glucophage and experienced chest pain. It helped but had side effects.,4,2025-02-01 14:00:00,Metformin
417,Metformin,I took Metformin and experienced chest pain. It helped but had side effects.,4,2024-08-31 14:00:00,Metformin
418,Metformin,I took Metformin and experienced itching and vomiting. It helped but had side effects.,1,2024-04-10 12:00:00,Metformin
419,Metformin,I took Metformin and experienced bloating and constipation and anxiety. It helped but had side effects.,2,2025-04-21 16:00:00,Metformin
420,Glucophage,I took Glucophage and experienced palpitations and redness. It helped but had side effects.,4,2024-06-05 02:00:00,Metformin
421,Metformin,I took Metformin and experienced palpitations. It helped but had side effects.,1,2024-09-20 13:00:00,Metformin
422,Glucophage,I took Glucophage and experienced depression and insomnia and anxiety. It helped but had side effects.,1,2025-05-07 20:00:00,Metformin
423,Advil,I took Advil and experienced irritable. It helped but had side effects.,1,2024-10-08 09:00:00,Ibuprofen
424,Ibuprofen,I took Ibuprofen and experienced redness and stomach cramps and blood pressure. It helped but had side effects.,1,2025-04-22 20:00:00,Ibuprofen
425,Advil,I took Advil and experienced dizzy and itching and anxiety. It helped but had side effects.,5,2024-09-14 19:00:00,Ibuprofen
426,Ibuprofen,I took Ibuprofen and experienced panic. It helped but had side effects.,1,2024-04-21 21:00:00,Ibuprofen
427,Tylenol,I took Tylenol and experienced stomach cramps. It helped but had side effects.,5,2025-07-04 08:00:00,Acetaminophen
428,Glucophage,I took Glucophage and experienced rash and irritable. It helped but had side effects.,3,2025-07-11 13:00:00,Metformin
429,Ibuprofen,I took Ibuprofen and experienced nausea. It helped but had side effects.,3,2024-09-14 03:00:00,Ibuprofen
430,Metformin,I took Metformin and experienced diarrhea. It helped but had side effects.,3,2024-01-15 06:00:00,Metformin
431,Metformin,I took Metformin and experienced dizzy. It helped but had side effects.,4,2024-03-22 16:00:00,Metformin
432,Acetaminophen,I took Acetaminophen and experienced vomiting. It helped but had side effects.,5,2024-04-22 20:00:00,Acetaminophen
433,Acetaminophen,I took Acetaminophen and experienced insomnia and panic and hives. It helped but had side effects.,1,2024-03-13 21:00:00,Acetaminophen
434,Tylenol,I took Tylenol and experienced redness and brain fog. It helped but had side effects.,3,2025-02-11 00:00:00,Acetaminophen
435,Tylenol,I took Tylenol and experienced blood pressure and redness. It helped but had side effects.,3,2024-07-28 02:00:00,Acetaminophen
436,Glucophage,I took Glucophage and experienced vomiting. It helped but had side effects.,5,2024-12-13 07:00:00,Metformin
437,Glucophage,I took Glucophage and experienced tremor. It helped but had side effects.,2,2024-05-10 22:00:00,Metformin
438,Advil,I took Advil and experienced insomnia and dizzy and depression. It helped but had side effects.,2,2024-05-10 23:00:00,Ibuprofen
439,Tylenol,I took Tylenol and experienced rash. It helped but had side effects.,2,2024-04-30 03:00:00,Acetaminophen
440,Advil,I took Advil and experienced irritable and stomach cramps. It helped but had side effects.,4,2025-01-22 23:00:00,Ibuprofen
441,Glucophage,I took Glucophage and experienced chest pain. It helped but had side effects.,4,2024-03-10 01:00:00,Metformin
442,Tylenol,I took Tylenol and experienced stomach cramps and panic and tremor. It helped but had side effects.,4,2025-08-01 00:00:00,Acetaminophen
443,Glucophage,I took Glucophage and experienced chest pain. It helped but had side effects.,2,2024-08-07 06:00:00,Metformin
444,Ibuprofen,I took Ibuprofen and experienced dizzy and panic. It helped but had side effects.,2,2024-04-28 22:00:00,Ibuprofen
445,Acetaminophen,I took Acetaminophen and experienced headache. It helped but had side effects.,5,2025-05-26 04:00:00,Acetaminophen
446,Tylenol,I took Tylenol and experienced tremor. It helped but had side effects.,2,2024-05-13 18:00:00,Acetaminophen
447,Advil,I took Advil and experienced anxiety and dizzy. It helped but had side effects.,3,2025-07-24 15:00:00,Ibuprofen
448,Ibuprofen,I took Ibuprofen and experienced anxiety and diarrhea. It helped but had side effects.,5,2024-10-13 11:00:00,Ibuprofen
449,Metformin,I took Metformin and experienced rash. It helped but had side effects.,4,2024-06-13 17:00:00,Metformin
450,Metformin,I took Metformin and experienced vomiting. It helped but had side effects.,2,2025-09-14 04:00:00,Metformin
451,Tylenol,I took Tylenol and experienced depression. It helped but had side effects.,2,2024-11-26 15:00:00,Acetaminophen
452,Glucophage,I took Glucophage and experienced fatigue. It helped but had side effects.,5,2024-02-17 03:00:00,Metformin
453,Glucophage,I took Glucophage and experienced brain fog and tremor and vomiting. It helped but had side effects.,1,2024-08-04 08:00:00,Metformin
454,Advil,I took Advil and experienced irritable. It helped but had side effects.,3,2024-04-24 06:00:00,Ibuprofen
455,Glucophage,I took Glucophage and experienced irritable. It helped but had side effects.,5,2024-09-22 01:00:00,Metformin
456,Advil,I took Advil and experienced palpitations. It helped but had side effects.,2,2024-12-05 04:00:00,Ibuprofen
457,Ibuprofen,I took Ibuprofen and experienced rash. It helped but had side effects.,4,2025-09-04 23:00:00,Ibuprofen
458,Tylenol,I took Tylenol and experienced depression. It helped but had side effects.,5,2024-12-30 07:00:00,Acetaminophen
459,Tylenol,I took Tylenol and experienced palpitations. It helped but had side effects.,5,2025-03-07 20:00:00,Acetaminophen
460,Glucophage,I took Glucophage and experienced blood pressure. It helped but had side effects.,4,2024-02-09 23:00:00,Metformin
461,Advil,I took Advil and experienced fatigue. It helped but had side effects.,4,2025-04-27 12:00:00,Ibuprofen
462,Metformin,I took Metformin and experienced dizzy and nausea. It helped but had side effects.,4,2025-03-10 00:00:00,Metformin
463,Metformin,I took Metformin and experienced panic and constipation and nausea. It helped but had side effects.,1,2024-09-22 04:00:00,Metformin
464,Metformin,I took Metformin and experienced bloating. It helped but had side effects.,2,2024-06-15 01:00:00,Metformin
465,Acetaminophen,I took Acetaminophen and experienced anxiety. It helped but had side effects.,4,2025-03-25 12:00:00,Acetaminophen
466,Ibuprofen,I took Ibuprofen and experienced diarrhea and rash and depression. It helped but had side effects.,4,2024-05-24 07:00:00,Ibuprofen
467,Advil,I took Advil and experienced bloating. It helped but had side effects.,1,2024-11-08 05:00:00,Ibuprofen
468,Metformin,I took Metformin and experienced hives. It helped but had side effects.,4,2025-02-04 08:00:00,Metformin
469,Advil,I took Advil and experienced rash. It helped but had side effects.,2,2024-10-23 08:00:00,Ibuprofen
470,Tylenol,I took Tylenol and experienced fatigue. It helped but had side effects.,3,2025-01-24 18:00:00,Acetaminophen
471,Metformin,I took Metformin and experienced brain fog and irritable and hives. It helped but had side effects.,4,2024-09-24 18:00:00,Metformin
472,Acetaminophen,I took Acetaminophen and experienced rash. It helped but had side effects.,2,2024-12-09 10:00:00,Acetaminophen
473,Ibuprofen,I took Ibuprofen and experienced itching and brain fog. It helped but had side effects.,2,2024-05-20 22:00:00,Ibuprofen
474,Tylenol,I took Tylenol and experienced hives and constipation and stomach cramps. It helped but had side effects.,3,2025-08-02 16:00:00,Acetaminophen
475,Acetaminophen,I took Acetaminophen and experienced stomach cramps. It helped but had side effects.,5,2025-02-21 05:00:00,Acetaminophen
476,Advil,I took Advil and experienced blood pressure. It helped but had side effects.,1,2024-06-04 03:00:00,Ibuprofen
477,Acetaminophen,I took Acetaminophen and experienced stomach cramps and itching and chest pain. It helped but had side effects.,2,2024-04-22 02:00:00,Acetaminophen
478,Ibuprofen,I took Ibuprofen and experienced nausea and itching and diarrhea. It helped but had side effects.,4,2025-04-29 09:00:00,Ibuprofen
479,Metformin,I took Metformin and experienced constipation. It helped but had side effects.,2,2025-01-26 20:00:00,Metformin
480,Metformin,I took Metformin and experienced anxiety and diarrhea and palpitations. It helped but had side effects.,4,2025-02-03 14:00:00,Metformin
481,Glucophage,I took Glucophage and experienced blood pressure and palpitations and chest pain. It helped but had side effects.,2,2025-03-31 17:00:00,Metformin
482,Advil,I took Advil and experienced insomnia and constipation and panic. It helped but had side effects.,1,2024-11-24 18:00:00,Ibuprofen
483,Metformin,I took Metformin and experienced brain fog. It helped but had side effects.,3,2025-03-18 17:00:00,Metformin
484,Glucophage,I took Glucophage and experienced insomnia. It helped but had side effects.,3,2025-01-06 16:00:00,Metformin
485,Advil,I took Advil and experienced fatigue. It helped but had side effects.,2,2024-07-08 22:00:00,Ibuprofen
486,Glucophage,I took Glucophage and experienced headache and fatigue and rash. It helped but had side effects.,3,2024-12-18 20:00:00,Metformin
487,Glucophage,I took Glucophage and experienced tremor and stomach cramps. It helped but had side effects.,3,2024-04-29 01:00:00,Metformin
488,Glucophage,I took Glucophage and experienced brain fog. It helped but had side effects.,5,2025-02-24 20:00:00,Metformin
489,Advil,I took Advil and experienced chest pain. It helped but had side effects.,3,2025-08-04 08:00:00,Ibuprofen
490,Metformin,I took Metformin and experienced rash. It helped but had side effects.,3,2024-08-20 04:00:00,Metformin
491,Tylenol,I took Tylenol and experienced chest pain and stomach cramps and redness. It helped but had side effects.,3,2025-07-21 22:00:00,Acetaminophen
492,Metformin,I took Metformin and experienced brain fog. It helped but had side effects.,5,2025-05-03 05:00:00,Metformin
493,Tylenol,I took Tylenol and experienced bloating. It helped but had side effects.,1,2024-06-23 23:00:00,Acetaminophen
494,Acetaminophen,I took Acetaminophen and experienced redness. It helped but had side effects.,4,2024-01-07 02:00:00,Acetaminophen
495,Tylenol,I took Tylenol and experienced dizzy. It helped but had side effects.,1,2024-11-28 21:00:00,Acetaminophen
496,Advil,I took Advil and experienced headache. It helped but had side effects.,5,2024-03-10 17:00:00,Ibuprofen
497,Advil,I took Advil and experienced palpitations. It helped but had side effects.,2,2024-09-17 13:00:00,Ibuprofen
498,Acetaminophen,I took Acetaminophen and experienced bloating and tremor. It helped but had side effects.,2,2024-11-23 10:00:00,Acetaminophen
499,Tylenol,I took Tylenol and experienced dizzy. It helped but had side effects.,5,2024-07-17 12:00:00,Acetaminophen
500,Glucophage,I took Glucophage and experienced headache. It helped but had side effects.,3,2024-03-17 05:00:00,Metformin
501,Glucophage,I took Glucophage and experienced depression. It helped but had side effects.,2,2025-06-10 05:00:00,Metformin
502,Glucophage,I took Glucophage and experienced nausea. It helped but had side effects.,2,2025-01-01 20:00:00,Metformin
503,Metformin,I took Metformin and experienced vomiting and diarrhea and depression. It helped but had side effects.,4,2024-05-17 21:00:00,Metformin
504,Metformin,I took Metformin and experienced vomiting. It helped but had side effects.,3,2025-01-01 07:00:00,Metformin
505,Metformin,I took Metformin and experienced dizzy and diarrhea and vomiting. It helped but had side effects.,3,2024-10-16 21:00:00,Metformin
506,Advil,I took Advil and experienced hives. It helped but had side effects.,1,2024-07-10 20:00:00,Ibuprofen
507,Metformin,I took Metformin and experienced itching and brain fog. It helped but had side effects.,4,2024-01-06 19:00:00,Metformin
508,Acetaminophen,I took Acetaminophen and experienced diarrhea. It helped but had side effects.,4,2024-04-20 11:00:00,Acetaminophen
509,Glucophage,I took Glucophage and experienced blood pressure. It helped but had side effects.,2,2024-03-10 04:00:00,Metformin
510,Metformin,I took Metformin and experienced blood pressure and headache and brain fog. It helped but had side effects.,4,2024-12-09 02:00:00,Metformin
511,Advil,I took Advil and experienced bloating and anxiety. It helped but had side effects.,3,2025-05-01 11:00:00,Ibuprofen
512,Advil,I took Advil and experienced redness and diarrhea. It helped but had side effects.,3,2025-03-12 19:00:00,Ibuprofen
513,Advil,I took Advil and experienced headache and tremor. It helped but had side effects.,2,2024-11-28 01:00:00,Ibuprofen
514,Advil,I took Advil and experienced tremor and itching. It helped but had side effects.,3,2025-08-14 14:00:00,Ibuprofen
515,Metformin,I took Metformin and experienced redness and headache and stomach cramps. It helped but had side effects.,3,2024-11-23 19:00:00,Metformin
516,Advil,I took Advil and experienced nausea. It helped but had side effects.,1,2024-04-18 04:00:00,Ibuprofen
517,Glucophage,I took Glucophage and experienced dizzy and anxiety. It helped but had side effects.,2,2025-07-03 15:00:00,Metformin
518,Tylenol,I took Tylenol and experienced chest pain. It helped but had side effects.,4,2025-04-08 06:00:00,Acetaminophen
519,Glucophage,I took Glucophage and experienced redness. It helped but had side effects.,4,2025-02-16 05:00:00,Metformin
520,Ibuprofen,I took Ibuprofen and experienced blood pressure and hives and insomnia. It helped but had side effects.,1,2025-07-21 21:00:00,Ibuprofen
521,Advil,I took Advil and experienced constipation and nausea. It helped but had side effects.,1,2025-09-11 22:00:00,Ibuprofen
522,Tylenol,I took Tylenol and experienced headache and vomiting. It helped but had side effects.,2,2024-11-20 13:00:00,Acetaminophen
523,Glucophage,I took Glucophage and experienced palpitations and bloating and stomach cramps. It helped but had side effects.,1,2024-05-04 06:00:00,Metformin
524,Tylenol,I took Tylenol and experienced constipation and vomiting. It helped but had side effects.,3,2024-06-10 10:00:00,Acetaminophen
525,Ibuprofen,I took Ibuprofen and experienced depression and insomnia. It helped but had side effects.,4,2024-09-18 22:00:00,Ibuprofen
526,Glucophage,I took Glucophage and experienced dizzy. It helped but had side effects.,4,2024-08-23 05:00:00,Metformin
527,Advil,I took Advil and experienced stomach cramps. It helped but had side effects.,1,2025-08-28 22:00:00,Ibuprofen
528,Tylenol,I took Tylenol and experienced anxiety and palpitations and headache. It helped but had side effects.,5,2025-04-18 17:00:00,Acetaminophen
529,Advil,I took Advil and experienced dizzy and brain fog and tremor. It helped but had side effects.,2,2025-05-28 04:00:00,Ibuprofen
530,Acetaminophen,I took Acetaminophen and experienced fatigue. It helped but had side effects.,5,2024-11-10 08:00:00,Acetaminophen
531,Metformin,I took Metformin and experienced constipation and palpitations and vomiting. It helped but had side effects.,4,2025-04-15 14:00:00,Metformin
532,Acetaminophen,I took Acetaminophen and experienced hives and anxiety. It helped but had side effects.,1,2024-04-21 07:00:00,Acetaminophen
533,Ibuprofen,I took Ibuprofen and experienced hives and headache and panic. It helped but had side effects.,3,2024-04-11 11:00:00,Ibuprofen
534,Ibuprofen,I took Ibuprofen and experienced tremor. It helped but had side effects.,4,2025-01-16 00:00:00,Ibuprofen
535,Tylenol,I took Tylenol and experienced nausea. It helped but had side effects.,2,2024-02-22 22:00:00,Acetaminophen
536,Tylenol,I took Tylenol and experienced fatigue. It helped but had side effects.,5,2024-05-17 10:00:00,Acetaminophen
537,Acetaminophen,I took Acetaminophen and experienced brain fog. It helped but had side effects.,4,2024-03-19 07:00:00,Acetaminophen
538,Metformin,I took Metformin and experienced constipation and bloating and nausea. It helped but had side effects.,2,2025-05-07 01:00:00,Metformin
539,Tylenol,I took Tylenol and experienced anxiety and blood pressure. It helped but had side effects.,3,2024-02-26 01:00:00,Acetaminophen
540,Metformin,I took Metformin and experienced stomach cramps and palpitations and nausea. It helped but had side effects.,1,2025-05-13 08:00:00,Metformin
541,Metformin,I took Metformin and experienced bloating. It helped but had side effects.,3,2024-07-09 02:00:00,Metformin
542,Advil,I took Advil and experienced tremor and hives. It helped but had side effects.,2,2024-10-13 02:00:00,Ibuprofen
543,Metformin,I took Metformin and experienced redness. It helped but had side effects.,5,2025-08-05 22:00:00,Metformin
544,Metformin,I took Metformin and experienced depression. It helped but had side effects.,4,2025-05-28 21:00:00,Metformin
545,Acetaminophen,I took Acetaminophen and experienced diarrhea and vomiting and chest pain. It helped but had side effects.,4,2024-12-21 02:00:00,Acetaminophen
546,Advil,I took Advil and experienced insomnia and redness and brain fog. It helped but had side effects.,2,2024-04-03 07:00:00,Ibuprofen
547,Ibuprofen,I took Ibuprofen and experienced insomnia. It helped but had side effects.,2,2024-02-22 05:00:00,Ibuprofen
548,Tylenol,I took Tylenol and experienced bloating. It helped but had side effects.,2,2024-06-28 18:00:00,Acetaminophen
549,Metformin,I took Metformin and experienced tremor and nausea and redness. It helped but had side effects.,4,2024-05-13 06:00:00,Metformin
550,Metformin,I took Metformin and experienced itching. It helped but had side effects.,5,2024-01-09 18:00:00,Metformin
551,Glucophage,I took Glucophage and experienced diarrhea. It helped but had side effects.,2,2025-04-13 04:00:00,Metformin
552,Glucophage,I took Glucophage and experienced vomiting. It helped but had side effects.,1,2025-03-24 06:00:00,Metformin
553,Advil,I took Advil and experienced bloating. It helped but had side effects.,3,2025-03-30 07:00:00,Ibuprofen
554,Ibuprofen,I took Ibuprofen and experienced fatigue. It helped but had side effects.,3,2025-01-17 02:00:00,Ibuprofen
555,Acetaminophen,I took Acetaminophen and experienced rash. It helped but had side effects.,4,2025-08-26 22:00:00,Acetaminophen
556,Glucophage,I took Glucophage and experienced nausea. It helped but had side effects.,4,2024-06-09 14:00:00,Metformin
557,Tylenol,I took Tylenol and experienced chest pain. It helped but had side effects.,3,2025-01-14 21:00:00,Acetaminophen
558,Glucophage,I took Glucophage and experienced dizzy. It helped but had side effects.,4,2024-08-01 12:00:00,Metformin
559,Advil,I took Advil and experienced anxiety and rash. It helped but had side effects.,2,2025-06-18 01:00:00,Ibuprofen
560,Tylenol,I took Tylenol and experienced brain fog and diarrhea and insomnia. It helped but had side effects.,3,2025-09-03 04:00:00,Acetaminophen
561,Metformin,I took Metformin and experienced redness and headache. It helped but had side effects.,1,2024-12-09 11:00:00,Metformin
562,Tylenol,I took Tylenol and experienced hives. It helped but had side effects.,5,2024-10-17 08:00:00,Acetaminophen
563,Advil,I took Advil and experienced redness and brain fog and chest pain. It helped but had side effects.,4,2024-07-22 03:00:00,Ibuprofen
564,Advil,I took Advil and experienced chest pain and vomiting. It helped but had side effects.,1,2024-01-16 05:00:00,Ibuprofen
565,Metformin,I took Metformin and experienced hives. It helped but had side effects.,3,2024-12-09 04:00:00,Metformin
566,Tylenol,I took Tylenol and experienced nausea and dizzy. It helped but had side effects.,2,2024-09-01 08:00:00,Acetaminophen
567,Advil,I took Advil and experienced anxiety and blood pressure. It helped but had side effects.,2,2024-02-10 12:00:00,Ibuprofen
568,Metformin,I took Metformin and experienced rash. It helped but had side effects.,1,2024-04-15 09:00:00,Metformin
569,Glucophage,I took Glucophage and experienced nausea and fatigue and stomach cramps. It helped but had side effects.,4,2024-06-29 14:00:00,Metformin
570,Ibuprofen,I took Ibuprofen and experienced nausea. It helped but had side effects.,2,2025-03-19 07:00:00,Ibuprofen
571,Acetaminophen,I took Acetaminophen and experienced depression. It helped but had side effects.,3,2024-07-12 18:00:00,Acetaminophen
572,Acetaminophen,I took Acetaminophen and experienced chest pain. It helped but had side effects.,3,2024-08-12 06:00:00,Acetaminophen
573,Advil,I took Advil and experienced fatigue. It helped but had side effects.,3,2025-03-14 21:00:00,Ibuprofen
574,Advil,I took Advil and experienced itching. It helped but had side effects.,4,2025-08-01 14:00:00,Ibuprofen
575,Advil,I took Advil and experienced bloating. It helped but had side effects.,5,2024-05-08 18:00:00,Ibuprofen
576,Acetaminophen,I took Acetaminophen and experienced irritable. It helped but had side effects.,1,2025-06-22 23:00:00,Acetaminophen
577,Acetaminophen,I took Acetaminophen and experienced bloating and depression and anxiety. It helped but had side effects.,2,2024-05-06 07:00:00,Acetaminophen
578,Ibuprofen,I took Ibuprofen and experienced headache. It helped but had side effects.,1,2025-02-02 14:00:00,Ibuprofen
579,Acetaminophen,I took Acetaminophen and experienced hives and insomnia and diarrhea. It helped but had side effects.,1,2024-11-13 06:00:00,Acetaminophen
580,Ibuprofen,I took Ibuprofen and experienced nausea and palpitations. It helped but had side effects.,2,2024-09-07 13:00:00,Ibuprofen
581,Advil,I took Advil and experienced fatigue. It helped but had side effects.,1,2025-03-12 03:00:00,Ibuprofen
582,Ibuprofen,I took Ibuprofen and experienced redness. It helped but had side effects.,1,2024-05-04 13:00:00,Ibuprofen
583,Metformin,I took Metformin and experienced brain fog and diarrhea and hives. It helped but had side effects.,4,2025-08-22 23:00:00,Metformin
584,Acetaminophen,I took Acetaminophen and experienced diarrhea. It helped but had side effects.,3,2025-03-31 06:00:00,Acetaminophen
585,Metformin,I took Metformin and experienced bloating. It helped but had side effects.,2,2025-07-18 21:00:00,Metformin
586,Glucophage,I took Glucophage and experienced brain fog. It helped but had side effects.,5,2024-12-03 09:00:00,Metformin
587,Advil,I took Advil and experienced itching and fatigue. It helped but had side effects.,4,2025-01-31 15:00:00,Ibuprofen
588,Advil,I took Advil and experienced blood pressure. It helped but had side effects.,5,2024-11-27 22:00:00,Ibuprofen
589,Acetaminophen,I took Acetaminophen and experienced hives. It helped but had side effects.,5,2025-07-10 00:00:00,Acetaminophen
590,Advil,I took Advil and experienced fatigue and panic. It helped but had side effects.,1,2024-05-26 14:00:00,Ibuprofen
591,Ibuprofen,I took Ibuprofen and experienced stomach cramps. It helped but had side effects.,3,2025-03-14 15:00:00,Ibuprofen
592,Tylenol,I took Tylenol and experienced itching. It helped but had side effects.,3,2024-01-18 06:00:00,Acetaminophen
593,Advil,I took Advil and experienced hives and dizzy and itching. It helped but had side effects.,1,2024-03-02 22:00:00,Ibuprofen
594,Metformin,I took Metformin and experienced palpitations. It helped but had side effects.,3,2025-08-31 11:00:00,Metformin
595,Ibuprofen,I took Ibuprofen and experienced nausea and tremor. It helped but had side effects.,4,2024-10-07 17:00:00,Ibuprofen
596,Advil,I took Advil and experienced chest pain. It helped but had side effects.,1,2024-06-13 11:00:00,Ibuprofen
597,Acetaminophen,I took Acetaminophen and experienced vomiting and hives and rash. It helped but had side effects.,3,2025-04-26 13:00:00,Acetaminophen
598,Ibuprofen,I took Ibuprofen and experienced irritable and insomnia and bloating. It helped but had side effects.,4,2025-07-13 18:00:00,Ibuprofen
599,Metformin,I took Metformin and experienced hives. It helped but had side effects.,4,2024-12-09 01:00:00,Metformin
600,Ibuprofen,I took Ibuprofen and experienced bloating. It helped but had side effects.,5,2025-04-21 11:00:00,Ibuprofen
601,Ibuprofen,I took Ibuprofen and experienced bloating. It helped but had side effects.,2,2025-03-01 12:00:00,Ibuprofen
602,Acetaminophen,I took Acetaminophen and experienced nausea and brain fog and vomiting. It helped but had side effects.,1,2025-01-21 18:00:00,Acetaminophen
603,Advil,I took Advil and experienced fatigue and hives and chest pain. It helped but had side effects.,2,2025-07-03 17:00:00,Ibuprofen
604,Glucophage,I took Glucophage and experienced chest pain. It helped but had side effects.,2,2025-06-22 00:00:00,Metformin
605,Acetaminophen,I took Acetaminophen and experienced nausea and anxiety. It helped but had side effects.,2,2024-11-16 14:00:00,Acetaminophen
606,Metformin,I took Metformin and experienced hives. It helped but had side effects.,3,2025-05-14 08:00:00,Metformin
607,Ibuprofen,I took Ibuprofen and experienced brain fog. It helped but had side effects.,2,2025-02-03 19:00:00,Ibuprofen
608,Glucophage,I took Glucophage and experienced depression and redness and headache. It helped but had side effects.,4,2025-09-01 07:00:00,Metformin
609,Ibuprofen,I took Ibuprofen and experienced dizzy. It helped but had side effects.,1,2025-07-22 08:00:00,Ibuprofen
610,Metformin,I took Metformin and experienced palpitations. It helped but had side effects.,1,2024-06-19 06:00:00,Metformin
611,Advil,I took Advil and experienced rash and depression. It helped but had side effects.,4,2024-04-16 02:00:00,Ibuprofen
612,Advil,I took Advil and experienced rash and headache. It helped but had side effects.,4,2024-02-01 08:00:00,Ibuprofen
613,Metformin,I took Metformin and experienced itching. It helped but had side effects.,2,2025-01-01 15:00:00,Metformin
614,Metformin,I took Metformin and experienced diarrhea. It helped but had side effects.,2,2025-03-07 04:00:00,Metformin
615,Glucophage,I took Glucophage and experienced brain fog. It helped but had side effects.,1,2025-07-05 11:00:00,Metformin
616,Tylenol,I took Tylenol and experienced vomiting. It helped but had side effects.,4,2025-03-16 00:00:00,Acetaminophen
617,Advil,I took Advil and experienced rash and tremor and brain fog. It helped but had side effects.,1,2024-10-31 12:00:00,Ibuprofen
618,Ibuprofen,I took Ibuprofen and experienced diarrhea. It helped but had side effects.,4,2024-01-02 21:00:00,Ibuprofen
619,Acetaminophen,I took Acetaminophen and experienced diarrhea and itching and hives. It helped but had side effects.,2,2024-02-11 18:00:00,Acetaminophen
620,Metformin,I took Metformin and experienced headache. It helped but had side effects.,5,2025-04-25 23:00:00,Metformin
621,Glucophage,I took Glucophage and experienced blood pressure and nausea. It helped but had side effects.,3,2025-05-04 21:00:00,Metformin
622,Glucophage,I took Glucophage and experienced palpitations. It helped but had side effects.,4,2025-08-26 04:00:00,Metformin
623,Ibuprofen,I took Ibuprofen and experienced insomnia. It helped but had side effects.,2,2024-03-10 17:00:00,Ibuprofen
624,Glucophage,I took Glucophage and experienced rash. It helped but had side effects.,4,2024-05-03 10:00:00,Metformin
625,Glucophage,I took Glucophage and experienced blood pressure and chest pain. It helped but had side effects.,1,2024-03-06 19:00:00,Metformin
626,Metformin,I took Metformin and experienced palpitations. It helped but had side effects.,3,2024-12-26 22:00:00,Metformin
627,Ibuprofen,I took Ibuprofen and experienced diarrhea and vomiting and nausea. It helped but had side effects.,5,2025-08-27 08:00:00,Ibuprofen
628,Tylenol,I took Tylenol and experienced bloating and chest pain. It helped but had side effects.,3,2025-06-13 12:00:00,Acetaminophen
629,Metformin,I took Metformin and experienced constipation and depression and vomiting. It helped but had side effects.,5,2025-05-21 08:00:00,Metformin
630,Advil,I took Advil and experienced diarrhea. It helped but had side effects.,3,2025-08-04 13:00:00,Ibuprofen
631,Glucophage,I took Glucophage and experienced constipation and redness. It helped but had side effects.,3,2024-09-19 04:00:00,Metformin
632,Tylenol,I took Tylenol and experienced palpitations. It helped but had side effects.,4,2024-07-29 14:00:00,Acetaminophen
633,Acetaminophen,I took Acetaminophen and experienced itching and panic and insomnia. It helped but had side effects.,5,2024-03-21 00:00:00,Acetaminophen
634,Advil,I took Advil and experienced dizzy. It helped but had side effects.,5,2024-06-27 19:00:00,Ibuprofen
635,Advil,I took Advil and experienced rash and chest pain. It helped but had side effects.,1,2025-03-18 06:00:00,Ibuprofen
636,Ibuprofen,I took Ibuprofen and experienced palpitations. It helped but had side effects.,3,2024-04-30 23:00:00,Ibuprofen
637,Tylenol,I took Tylenol and experienced bloating and vomiting and itching. It helped but had side effects.,3,2024-03-23 17:00:00,Acetaminophen
638,Ibuprofen,I took Ibuprofen and experienced irritable and itching and chest pain. It helped but had side effects.,5,2025-07-11 19:00:00,Ibuprofen
639,Advil,I took Advil and experienced bloating and anxiety. It helped but had side effects.,5,2024-05-16 23:00:00,Ibuprofen
640,Acetaminophen,I took Acetaminophen and experienced hives and depression. It helped but had side effects.,2,2024-11-02 13:00:00,Acetaminophen
641,Ibuprofen,I took Ibuprofen and experienced tremor. It helped but had side effects.,1,2025-04-15 15:00:00,Ibuprofen
642,Glucophage,I took Glucophage and experienced anxiety. It helped but had side effects.,3,2024-06-30 00:00:00,Metformin
643,Glucophage,I took Glucophage and experienced brain fog. It helped but had side effects.,4,2025-05-23 09:00:00,Metformin
644,Advil,I took Advil and experienced anxiety and itching and bloating. It helped but had side effects.,4,2024-03-23 02:00:00,Ibuprofen
645,Ibuprofen,I took Ibuprofen and experienced nausea and anxiety. It helped but had side effects.,1,2025-09-09 16:00:00,Ibuprofen
646,Acetaminophen,I took Acetaminophen and experienced diarrhea. It helped but had side effects.,1,2024-12-20 10:00:00,Acetaminophen
647,Glucophage,I took Glucophage and experienced panic and depression and rash. It helped but had side effects.,2,2024-08-25 00:00:00,Metformin
648,Ibuprofen,I took Ibuprofen and experienced headache. It helped but had side effects.,2,2024-08-02 08:00:00,Ibuprofen
649,Metformin,I took Metformin and experienced blood pressure. It helped but had side effects.,4,2024-04-27 12:00:00,Metformin
650,Acetaminophen,I took Acetaminophen and experienced itching and tremor and dizzy. It helped but had side effects.,4,2024-10-23 04:00:00,Acetaminophen
651,Advil,I took Advil and experienced brain fog and tremor. It helped but had side effects.,1,2025-02-08 15:00:00,Ibuprofen
652,Acetaminophen,I took Acetaminophen and experienced brain fog and bloating. It helped but had side effects.,2,2025-07-19 23:00:00,Acetaminophen
653,Advil,I took Advil and experienced rash and palpitations and irritable. It helped but had side effects.,3,2024-08-13 21:00:00,Ibuprofen
654,Glucophage,I took Glucophage and experienced rash and brain fog and dizzy. It helped but had side effects.,1,2024-02-19 16:00:00,Metformin
655,Tylenol,I took Tylenol and experienced irritable. It helped but had side effects.,2,2024-06-01 04:00:00,Acetaminophen
656,Ibuprofen,I took Ibuprofen and experienced fatigue and redness and headache. It helped but had side effects.,3,2025-07-19 01:00:00,Ibuprofen
657,Tylenol,I took Tylenol and experienced dizzy. It helped but had side effects.,5,2024-12-28 00:00:00,Acetaminophen
658,Ibuprofen,I took Ibuprofen and experienced constipation and bloating and vomiting. It helped but had side effects.,2,2024-05-11 22:00:00,Ibuprofen
659,Acetaminophen,I took Acetaminophen and experienced panic. It helped but had side effects.,4,2025-08-21 19:00:00,Acetaminophen
660,Ibuprofen,I took Ibuprofen and experienced dizzy and irritable and depression. It helped but had side effects.,1,2024-10-21 21:00:00,Ibuprofen
661,Glucophage,I took Glucophage and experienced constipation and chest pain and diarrhea. It helped but had side effects.,1,2024-01-03 16:00:00,Metformin
662,Acetaminophen,I took Acetaminophen and experienced bloating and hives. It helped but had side effects.,4,2024-09-23 13:00:00,Acetaminophen
663,Advil,I took Advil and experienced fatigue. It helped but had side effects.,4,2024-09-03 15:00:00,Ibuprofen
664,Metformin,I took Metformin and experienced nausea. It helped but had side effects.,2,2025-05-22 06:00:00,Metformin
665,Metformin,I took Metformin and experienced blood pressure. It helped but had side effects.,5,2024-07-07 00:00:00,Metformin
666,Advil,I took Advil and experienced itching. It helped but had side effects.,3,2024-03-24 14:00:00,Ibuprofen
667,Ibuprofen,I took Ibuprofen and experienced blood pressure. It helped but had side effects.,4,2025-02-13 13:00:00,Ibuprofen
668,Advil,I took Advil and experienced bloating and blood pressure. It helped but had side effects.,2,2024-12-01 10:00:00,Ibuprofen
669,Tylenol,I took Tylenol and experienced brain fog and palpitations and headache. It helped but had side effects.,4,2024-03-01 13:00:00,Acetaminophen
670,Advil,I took Advil and experienced anxiety. It helped but had side effects.,1,2025-04-13 16:00:00,Ibuprofen
671,Glucophage,I took Glucophage and experienced redness and itching and palpitations. It helped but had side effects.,5,2025-03-10 20:00:00,Metformin
672,Glucophage,I took Glucophage and experienced bloating and chest pain. It helped but had side effects.,1,2025-02-14 16:00:00,Metformin
673,Glucophage,I took Glucophage and experienced bloating. It helped but had side effects.,3,2024-07-08 12:00:00,Metformin
674,Ibuprofen,I took Ibuprofen and experienced headache and rash and nausea. It helped but had side effects.,4,2024-04-16 01:00:00,Ibuprofen
675,Tylenol,I took Tylenol and experienced vomiting. It helped but had side effects.,4,2024-09-01 21:00:00,Acetaminophen
676,Glucophage,I took Glucophage and experienced anxiety and dizzy. It helped but had side effects.,4,2024-12-15 12:00:00,Metformin
677,Ibuprofen,I took Ibuprofen and experienced dizzy and constipation and hives. It helped but had side effects.,4,2024-10-08 06:00:00,Ibuprofen
678,Metformin,I took Metformin and experienced diarrhea. It helped but had side effects.,5,2024-04-30 08:00:00,Metformin
679,Glucophage,I took Glucophage and experienced rash and fatigue and depression. It helped but had side effects.,1,2024-09-01 00:00:00,Metformin
680,Metformin,I took Metformin and experienced bloating. It helped but had side effects.,1,2025-07-10 07:00:00,Metformin
681,Acetaminophen,I took Acetaminophen and experienced hives and blood pressure. It helped but had side effects.,5,2024-06-25 19:00:00,Acetaminophen
682,Tylenol,I took Tylenol and experienced tremor. It helped but had side effects.,3,2025-04-02 03:00:00,Acetaminophen
683,Ibuprofen,I took Ibuprofen and experienced headache and hives. It helped but had side effects.,5,2024-12-28 11:00:00,Ibuprofen
684,Tylenol,I took Tylenol and experienced dizzy. It helped but had side effects.,2,2024-12-01 05:00:00,Acetaminophen
685,Acetaminophen,I took Acetaminophen and experienced stomach cramps and palpitations. It helped but had side effects.,1,2025-02-02 04:00:00,Acetaminophen
686,Metformin,I took Metformin and experienced panic and headache. It helped but had side effects.,2,2024-11-21 03:00:00,Metformin
687,Metformin,I took Metformin and experienced blood pressure. It helped but had side effects.,5,2024-01-29 09:00:00,Metformin
688,Ibuprofen,I took Ibuprofen and experienced stomach cramps and palpitations. It helped but had side effects.,1,2024-06-25 07:00:00,Ibuprofen
689,Metformin,I took Metformin and experienced chest pain. It helped but had side effects.,4,2024-10-19 06:00:00,Metformin
690,Metformin,I took Metformin and experienced redness. It helped but had side effects.,5,2024-10-06 01:00:00,Metformin
691,Acetaminophen,I took Acetaminophen and experienced redness. It helped but had side effects.,4,2024-07-06 11:00:00,Acetaminophen
692,Ibuprofen,I took Ibuprofen and experienced dizzy. It helped but had side effects.,2,2024-10-10 16:00:00,Ibuprofen
693,Acetaminophen,I took Acetaminophen and experienced depression. It helped but had side effects.,3,2025-04-03 20:00:00,Acetaminophen
694,Ibuprofen,I took Ibuprofen and experienced fatigue and nausea. It helped but had side effects.,4,2025-01-20 15:00:00,Ibuprofen
695,Glucophage,I took Glucophage and experienced vomiting and irritable. It helped but had side effects.,4,2024-03-25 21:00:00,Metformin
696,Tylenol,I took Tylenol and experienced hives and anxiety. It helped but had side effects.,3,2024-04-22 15:00:00,Acetaminophen
697,Acetaminophen,I took Acetaminophen and experienced palpitations and headache and chest pain. It helped but had side effects.,1,2024-12-10 03:00:00,Acetaminophen
698,Acetaminophen,I took Acetaminophen and experienced brain fog. It helped but had side effects.,4,2024-02-04 11:00:00,Acetaminophen
699,Glucophage,I took Glucophage and experienced tremor and bloating and depression. It helped but had side effects.,4,2025-01-22 09:00:00,Metformin
700,Acetaminophen,I took Acetaminophen and experienced hives and redness. It helped but had side effects.,4,2024-10-16 22:00:00,Acetaminophen
701,Tylenol,I took Tylenol and experienced constipation and palpitations and insomnia. It helped but had side effects.,5,2024-08-06 08:00:00,Acetaminophen
702,Ibuprofen,I took Ibuprofen and experienced brain fog. It helped but had side effects.,5,2025-05-12 12:00:00,Ibuprofen
703,Glucophage,I took Glucophage and experienced hives and tremor. It helped but had side effects.,2,2024-09-02 13:00:00,Metformin
704,Tylenol,I took Tylenol and experienced insomnia and dizzy. It helped but had side effects.,5,2024-01-15 02:00:00,Acetaminophen
705,Metformin,I took Metformin and experienced palpitations and diarrhea. It helped but had side effects.,2,2024-11-02 15:00:00,Metformin
706,Metformin,I took Metformin and experienced stomach cramps. It helped but had side effects.,2,2024-05-04 16:00:00,Metformin
707,Advil,I took Advil and experienced tremor and redness and constipation. It helped but had side effects.,2,2025-04-07 19:00:00,Ibuprofen
708,Metformin,I took Metformin and experienced irritable and depression. It helped but had side effects.,4,2025-06-27 01:00:00,Metformin
709,Metformin,I took Metformin and experienced tremor and diarrhea and depression. It helped but had side effects.,5,2024-05-08 20:00:00,Metformin
710,Acetaminophen,I took Acetaminophen and experienced chest pain. It helped but had side effects.,4,2024-04-06 16:00:00,Acetaminophen
711,Advil,I took Advil and experienced dizzy. It helped but had side effects.,3,2025-05-02 05:00:00,Ibuprofen
712,Tylenol,I took Tylenol and experienced diarrhea and panic and vomiting. It helped but had side effects.,3,2025-04-24 08:00:00,Acetaminophen
713,Ibuprofen,I took Ibuprofen and experienced stomach cramps and insomnia. It helped but had side effects.,1,2025-02-13 17:00:00,Ibuprofen
714,Glucophage,I took Glucophage and experienced blood pressure and headache. It helped but had side effects.,2,2024-05-14 00:00:00,Metformin
715,Advil,I took Advil and experienced fatigue and anxiety and brain fog. It helped but had side effects.,2,2025-06-06 19:00:00,Ibuprofen
716,Ibuprofen,I took Ibuprofen and experienced vomiting and tremor and nausea. It helped but had side effects.,5,2024-06-03 19:00:00,Ibuprofen
717,Advil,I took Advil and experienced hives and irritable and bloating. It helped but had side effects.,3,2024-07-30 00:00:00,Ibuprofen
718,Tylenol,I took Tylenol and experienced palpitations. It helped but had side effects.,4,2024-10-24 05:00:00,Acetaminophen
719,Metformin,I took Metformin and experienced brain fog. It helped but had side effects.,3,2025-08-26 06:00:00,Metformin
720,Ibuprofen,I took Ibuprofen and experienced fatigue and anxiety and diarrhea. It helped but had side effects.,4,2025-08-09 14:00:00,Ibuprofen
721,Acetaminophen,I took Acetaminophen and experienced palpitations. It helped but had side effects.,2,2024-01-09 18:00:00,Acetaminophen
722,Tylenol,I took Tylenol and experienced irritable. It helped but had side effects.,4,2024-10-24 09:00:00,Acetaminophen
723,Advil,I took Advil and experienced bloating and panic and dizzy. It helped but had side effects.,1,2025-06-19 08:00:00,Ibuprofen
724,Metformin,I took Metformin and experienced bloating and blood pressure and constipation. It helped but had side effects.,1,2024-03-27 07:00:00,Metformin
725,Ibuprofen,I took Ibuprofen and experienced headache and rash and dizzy. It helped but had side effects.,3,2024-05-12 16:00:00,Ibuprofen
726,Ibuprofen,I took Ibuprofen and experienced brain fog and itching and nausea. It helped but had side effects.,5,2024-10-10 00:00:00,Ibuprofen
727,Ibuprofen,I took Ibuprofen and experienced palpitations. It helped but had side effects.,5,2024-05-06 18:00:00,Ibuprofen
728,Metformin,I took Metformin and experienced tremor. It helped but had side effects.,3,2025-07-21 15:00:00,Metformin
729,Acetaminophen,I took Acetaminophen and experienced depression. It helped but had side effects.,3,2024-04-30 17:00:00,Acetaminophen
730,Advil,I took Advil and experienced headache. It helped but had side effects.,2,2024-03-18 20:00:00,Ibuprofen
731,Metformin,I took Metformin and experienced fatigue. It helped but had side effects.,2,2025-02-28 22:00:00,Metformin
732,Metformin,I took Metformin and experienced brain fog and insomnia and irritable. It helped but had side effects.,2,2025-06-30 23:00:00,Metformin
733,Tylenol,I took Tylenol and experienced palpitations. It helped but had side effects.,4,2025-06-02 11:00:00,Acetaminophen
734,Ibuprofen,I took Ibuprofen and experienced blood pressure. It helped but had side effects.,1,2025-04-26 21:00:00,Ibuprofen
735,Glucophage,I took Glucophage and experienced anxiety and palpitations. It helped but had side effects.,4,2024-01-29 20:00:00,Metformin
736,Acetaminophen,I took Acetaminophen and experienced insomnia and nausea. It helped but had side effects.,4,2024-12-27 23:00:00,Acetaminophen
737,Metformin,I took Metformin and experienced fatigue. It helped but had side effects.,2,2025-05-24 05:00:00,Metformin
738,Tylenol,I took Tylenol and experienced redness. It helped but had side effects.,2,2025-05-24 02:00:00,Acetaminophen
739,Metformin,I took Metformin and experienced redness. It helped but had side effects.,3,2024-08-06 05:00:00,Metformin
740,Ibuprofen,I took Ibuprofen and experienced redness. It helped but had side effects.,5,2024-05-28 12:00:00,Ibuprofen
741,Metformin,I took Metformin and experienced headache. It helped but had side effects.,3,2024-02-03 21:00:00,Metformin
742,Glucophage,I took Glucophage and experienced depression and hives and stomach cramps. It helped but had side effects.,2,2025-06-19 14:00:00,Metformin
743,Ibuprofen,I took Ibuprofen and experienced hives and insomnia. It helped but had side effects.,1,2024-02-24 13:00:00,Ibuprofen
744,Ibuprofen,I took Ibuprofen and experienced insomnia and chest pain. It helped but had side effects.,1,2024-03-11 04:00:00,Ibuprofen
745,Metformin,I took Metformin and experienced anxiety and brain fog and panic. It helped but had side effects.,5,2024-02-16 13:00:00,Metformin
746,Metformin,I took Metformin and experienced nausea and anxiety. It helped but had side effects.,2,2025-03-27 23:00:00,Metformin
747,Acetaminophen,I took Acetaminophen and experienced depression and palpitations. It helped but had side effects.,1,2024-11-28 20:00:00,Acetaminophen
748,Tylenol,I took Tylenol and experienced itching. It helped but had side effects.,1,2024-01-11 17:00:00,Acetaminophen
749,Advil,I took Advil and experienced vomiting. It helped but had side effects.,4,2024-09-22 16:00:00,Ibuprofen
750,Ibuprofen,I took Ibuprofen and experienced diarrhea. It helped but had side effects.,3,2025-01-06 00:00:00,Ibuprofen
751,Tylenol,I took Tylenol and experienced headache. It helped but had side effects.,2,2025-07-20 22:00:00,Acetaminophen
752,Tylenol,I took Tylenol and experienced stomach cramps and chest pain and blood pressure. It helped but had side effects.,1,2024-06-29 04:00:00,Acetaminophen
753,Advil,I took Advil and experienced constipation. It helped but had side effects.,5,2025-03-13 22:00:00,Ibuprofen
754,Ibuprofen,I took Ibuprofen and experienced diarrhea and redness. It helped but had side effects.,5,2025-08-12 05:00:00,Ibuprofen
755,Ibuprofen,I took Ibuprofen and experienced chest pain. It helped but had side effects.,1,2025-09-05 10:00:00,Ibuprofen
756,Acetaminophen,I took Acetaminophen and experienced palpitations. It helped but had side effects.,3,2024-10-02 06:00:00,Acetaminophen
757,Ibuprofen,I took Ibuprofen and experienced vomiting and diarrhea and blood pressure. It helped but had side effects.,3,2025-07-28 04:00:00,Ibuprofen
758,Tylenol,I took Tylenol and experienced vomiting. It helped but had side effects.,1,2024-12-03 08:00:00,Acetaminophen
759,Tylenol,I took Tylenol and experienced insomnia and panic and redness. It helped but had side effects.,2,2025-07-06 03:00:00,Acetaminophen
760,Acetaminophen,I took Acetaminophen and experienced nausea and palpitations. It helped but had side effects.,4,2025-07-27 02:00:00,Acetaminophen
761,Metformin,I took Metformin and experienced depression. It helped but had side effects.,2,2024-02-19 15:00:00,Metformin
762,Metformin,I took Metformin and experienced tremor. It helped but had side effects.,3,2025-06-07 20:00:00,Metformin
763,Tylenol,I took Tylenol and experienced chest pain and constipation. It helped but had side effects.,3,2024-11-20 00:00:00,Acetaminophen
764,Ibuprofen,I took Ibuprofen and experienced blood pressure. It helped but had side effects.,1,2024-08-02 10:00:00,Ibuprofen
765,Metformin,I took Metformin and experienced hives. It helped but had side effects.,1,2025-08-26 08:00:00,Metformin
766,Metformin,I took Metformin and experienced constipation. It helped but had side effects.,3,2025-01-12 17:00:00,Metformin
767,Advil,I took Advil and experienced headache. It helped but had side effects.,2,2025-07-11 02:00:00,Ibuprofen
768,Tylenol,I took Tylenol and experienced headache. It helped but had side effects.,2,2025-08-25 02:00:00,Acetaminophen
769,Tylenol,I took Tylenol and experienced panic. It helped but had side effects.,4,2024-03-01 05:00:00,Acetaminophen
770,Glucophage,I took Glucophage and experienced palpitations and stomach cramps. It helped but had side effects.,1,2024-12-18 21:00:00,Metformin
771,Ibuprofen,I took Ibuprofen and experienced bloating and nausea and irritable. It helped but had side effects.,5,2025-04-08 19:00:00,Ibuprofen
772,Tylenol,I took Tylenol and experienced stomach cramps and panic and blood pressure. It helped but had side effects.,5,2025-03-05 20:00:00,Acetaminophen
773,Tylenol,I took Tylenol and experienced itching and rash. It helped but had side effects.,5,2024-08-07 04:00:00,Acetaminophen
774,Ibuprofen,I took Ibuprofen and experienced brain fog. It helped but had side effects.,4,2024-09-05 22:00:00,Ibuprofen
775,Ibuprofen,I took Ibuprofen and experienced depression. It helped but had side effects.,2,2025-03-04 06:00:00,Ibuprofen
776,Tylenol,I took Tylenol and experienced diarrhea and stomach cramps and fatigue. It helped but had side effects.,4,2024-12-21 00:00:00,Acetaminophen
777,Acetaminophen,I took Acetaminophen and experienced rash and redness and fatigue. It helped but had side effects.,4,2025-07-27 11:00:00,Acetaminophen
778,Acetaminophen,I took Acetaminophen and experienced headache and constipation. It helped but had side effects.,3,2025-03-16 01:00:00,Acetaminophen
779,Metformin,I took Metformin and experienced palpitations and itching and panic. It helped but had side effects.,4,2024-10-07 05:00:00,Metformin
780,Ibuprofen,I took Ibuprofen and experienced hives and stomach cramps. It helped but had side effects.,2,2025-09-04 21:00:00,Ibuprofen
781,Acetaminophen,I took Acetaminophen and experienced fatigue. It helped but had side effects.,3,2025-06-18 20:00:00,Acetaminophen
782,Metformin,I took Metformin and experienced itching and blood pressure and anxiety. It helped but had side effects.,2,2025-04-19 15:00:00,Metformin
783,Glucophage,I took Glucophage and experienced blood pressure and hives and dizzy. It helped but had side effects.,4,2024-08-19 06:00:00,Metformin
784,Ibuprofen,I took Ibuprofen and experienced brain fog. It helped but had side effects.,1,2025-05-09 00:00:00,Ibuprofen
785,Metformin,I took Metformin and experienced fatigue and irritable. It helped but had side effects.,2,2025-06-28 06:00:00,Metformin
786,Glucophage,I took Glucophage and experienced stomach cramps and anxiety. It helped but had side effects.,2,2024-10-30 07:00:00,Metformin
787,Acetaminophen,I took Acetaminophen and experienced nausea and fatigue and diarrhea. It helped but had side effects.,2,2024-09-19 03:00:00,Acetaminophen
788,Acetaminophen,I took Acetaminophen and experienced itching and headache. It helped but had side effects.,5,2025-07-28 21:00:00,Acetaminophen
789,Tylenol,I took Tylenol and experienced stomach cramps. It helped but had side effects.,4,2025-08-13 22:00:00,Acetaminophen
790,Metformin,I took Metformin and experienced anxiety. It helped but had side effects.,4,2025-04-28 08:00:00,Metformin
791,Advil,I took Advil and experienced constipation. It helped but had side effects.,3,2025-08-24 05:00:00,Ibuprofen
792,Acetaminophen,I took Acetaminophen and experienced nausea. It helped but had side effects.,1,2024-03-24 10:00:00,Acetaminophen
793,Acetaminophen,I took Acetaminophen and experienced irritable. It helped but had side effects.,2,2025-08-21 02:00:00,Acetaminophen
794,Glucophage,I took Glucophage and experienced itching and nausea. It helped but had side effects.,2,2025-04-06 15:00:00,Metformin
795,Tylenol,I took Tylenol and experienced anxiety. It helped but had side effects.,1,2025-01-02 00:00:00,Acetaminophen
796,Tylenol,I took Tylenol and experienced brain fog. It helped but had side effects.,5,2025-04-02 11:00:00,Acetaminophen
797,Metformin,I took Metformin and experienced itching and bloating. It helped but had side effects.,5,2024-08-15 18:00:00,Metformin
798,Metformin,I took Metformin and experienced brain fog. It helped but had side effects.,2,2025-08-28 15:00:00,Metformin
799,Acetaminophen,I took Acetaminophen and experienced chest pain. It helped but had side effects.,5,2024-03-18 00:00:00,Acetaminophen
800,Metformin,I took Metformin and experienced diarrhea and irritable. It helped but had side effects.,3,2025-08-25 19:00:00,Metformin
801,Ibuprofen,I took Ibuprofen and experienced irritable and constipation and rash. It helped but had side effects.,3,2024-11-29 03:00:00,Ibuprofen
802,Tylenol,I took Tylenol and experienced headache and blood pressure. It helped but had side effects.,3,2024-10-14 14:00:00,Acetaminophen
803,Acetaminophen,I took Acetaminophen and experienced fatigue. It helped but had side effects.,5,2024-12-04 17:00:00,Acetaminophen
804,Advil,I took Advil and experienced brain fog and headache. It helped but had side effects.,1,2024-06-13 09:00:00,Ibuprofen
805,Advil,I took Advil and experienced chest pain and vomiting. It helped but had side effects.,2,2024-06-05 21:00:00,Ibuprofen
806,Tylenol,I took Tylenol and experienced fatigue. It helped but had side effects.,1,2025-09-15 03:00:00,Acetaminophen
807,Ibuprofen,I took Ibuprofen and experienced dizzy and nausea. It helped but had side effects.,3,2024-10-09 21:00:00,Ibuprofen
808,Advil,I took Advil and experienced bloating. It helped but had side effects.,2,2024-03-18 13:00:00,Ibuprofen
809,Ibuprofen,I took Ibuprofen and experienced constipation. It helped but had side effects.,1,2024-08-24 06:00:00,Ibuprofen
810,Advil,I took Advil and experienced tremor. It helped but had side effects.,5,2025-07-31 03:00:00,Ibuprofen
811,Advil,I took Advil and experienced nausea. It helped but had side effects.,3,2025-02-18 06:00:00,Ibuprofen
812,Ibuprofen,I took Ibuprofen and experienced palpitations. It helped but had side effects.,5,2025-06-11 12:00:00,Ibuprofen
813,Metformin,I took Metformin and experienced brain fog. It helped but had side effects.,1,2025-08-07 18:00:00,Metformin
814,Tylenol,I took Tylenol and experienced depression. It helped but had side effects.,1,2025-04-10 11:00:00,Acetaminophen
815,Glucophage,I took Glucophage and experienced rash and panic and irritable. It helped but had side effects.,1,2024-02-06 20:00:00,Metformin
816,Acetaminophen,I took Acetaminophen and experienced rash and fatigue and insomnia. It helped but had side effects.,1,2024-06-07 03:00:00,Acetaminophen
817,Tylenol,I took Tylenol and experienced palpitations. It helped but had side effects.,3,2024-01-08 18:00:00,Acetaminophen
818,Metformin,I took Metformin and experienced rash. It helped but had side effects.,4,2024-05-31 07:00:00,Metformin
819,Advil,I took Advil and experienced irritable. It helped but had side effects.,2,2025-04-05 21:00:00,Ibuprofen
820,Advil,I took Advil and experienced vomiting and blood pressure. It helped but had side effects.,1,2024-01-23 10:00:00,Ibuprofen
821,Acetaminophen,I took Acetaminophen and experienced redness and stomach cramps. It helped but had side effects.,4,2024-01-07 05:00:00,Acetaminophen
822,Glucophage,I took Glucophage and experienced dizzy. It helped but had side effects.,4,2024-12-25 02:00:00,Metformin
823,Metformin,I took Metformin and experienced dizzy and bloating and tremor. It helped but had side effects.,3,2024-07-19 03:00:00,Metformin
824,Ibuprofen,I took Ibuprofen and experienced panic and itching. It helped but had side effects.,3,2025-03-07 00:00:00,Ibuprofen
825,Advil,I took Advil and experienced diarrhea. It helped but had side effects.,4,2024-12-01 12:00:00,Ibuprofen
826,Metformin,I took Metformin and experienced insomnia and depression. It helped but had side effects.,4,2024-01-02 07:00:00,Metformin
827,Advil,I took Advil and experienced tremor. It helped but had side effects.,1,2024-04-25 22:00:00,Ibuprofen
828,Advil,I took Advil and experienced hives. It helped but had side effects.,1,2024-03-29 14:00:00,Ibuprofen
829,Advil,I took Advil and experienced insomnia. It helped but had side effects.,3,2024-01-23 14:00:00,Ibuprofen
830,Glucophage,I took Glucophage and experienced diarrhea and fatigue and panic. It helped but had side effects.,2,2025-01-16 05:00:00,Metformin
831,Ibuprofen,I took Ibuprofen and experienced panic. It helped but had side effects.,1,2024-03-12 03:00:00,Ibuprofen
832,Tylenol,I took Tylenol and experienced fatigue and blood pressure and anxiety. It helped but had side effects.,3,2025-07-14 07:00:00,Acetaminophen
833,Acetaminophen,I took Acetaminophen and experienced stomach cramps and constipation and blood pressure. It helped but had side effects.,4,2025-07-16 10:00:00,Acetaminophen
834,Acetaminophen,I took Acetaminophen and experienced redness. It helped but had side effects.,3,2024-11-14 10:00:00,Acetaminophen
835,Tylenol,I took Tylenol and experienced diarrhea. It helped but had side effects.,3,2025-07-14 21:00:00,Acetaminophen
836,Glucophage,I took Glucophage and experienced insomnia and brain fog and dizzy. It helped but had side effects.,1,2024-04-02 12:00:00,Metformin
837,Metformin,I took Metformin and experienced chest pain. It helped but had side effects.,5,2025-05-26 19:00:00,Metformin
838,Advil,I took Advil and experienced irritable. It helped but had side effects.,3,2025-08-11 17:00:00,Ibuprofen
839,Acetaminophen,I took Acetaminophen and experienced itching and chest pain. It helped but had side effects.,2,2025-05-13 12:00:00,Acetaminophen
840,Acetaminophen,I took Acetaminophen and experienced fatigue and insomnia. It helped but had side effects.,5,2025-02-08 07:00:00,Acetaminophen
841,Tylenol,I took Tylenol and experienced dizzy and depression. It helped but had side effects.,4,2024-11-05 05:00:00,Acetaminophen
842,Tylenol,I took Tylenol and experienced diarrhea. It helped but had side effects.,4,2024-07-10 06:00:00,Acetaminophen
843,Metformin,I took Metformin and experienced insomnia and constipation. It helped but had side effects.,1,2024-06-13 03:00:00,Metformin
844,Tylenol,I took Tylenol and experienced nausea. It helped but had side effects.,1,2025-02-09 16:00:00,Acetaminophen
845,Glucophage,I took Glucophage and experienced bloating and diarrhea. It helped but had side effects.,4,2024-04-20 17:00:00,Metformin
846,Acetaminophen,I took Acetaminophen and experienced vomiting and tremor and palpitations. It helped but had side effects.,2,2024-11-15 05:00:00,Acetaminophen
847,Tylenol,I took Tylenol and experienced brain fog. It helped but had side effects.,4,2025-05-21 18:00:00,Acetaminophen
848,Metformin,I took Metformin and experienced tremor and anxiety and insomnia. It helped but had side effects.,2,2024-01-26 02:00:00,Metformin
849,Advil,I took Advil and experienced hives. It helped but had side effects.,4,2025-04-22 09:00:00,Ibuprofen
850,Glucophage,I took Glucophage and experienced itching. It helped but had side effects.,5,2024-02-15 09:00:00,Metformin
851,Acetaminophen,I took Acetaminophen and experienced dizzy and vomiting and bloating. It helped but had side effects.,2,2025-05-13 22:00:00,Acetaminophen
852,Tylenol,I took Tylenol and experienced tremor. It helped but had side effects.,4,2025-02-08 08:00:00,Acetaminophen
853,Tylenol,I took Tylenol and experienced palpitations and diarrhea. It helped but had side effects.,1,2025-04-12 11:00:00,Acetaminophen
854,Advil,I took Advil and experienced palpitations and tremor and stomach cramps. It helped but had side effects.,5,2024-03-09 00:00:00,Ibuprofen
855,Glucophage,I took Glucophage and experienced panic. It helped but had side effects.,4,2024-05-18 03:00:00,Metformin
856,Advil,I took Advil and experienced chest pain and constipation and stomach cramps. It helped but had side effects.,4,2025-03-30 05:00:00,Ibuprofen
857,Advil,I took Advil and experienced vomiting and constipation and depression. It helped but had side effects.,4,2025-01-02 09:00:00,Ibuprofen
858,Acetaminophen,I took Acetaminophen and experienced hives and nausea and constipation. It helped but had side effects.,1,2024-07-15 21:00:00,Acetaminophen
859,Ibuprofen,I took Ibuprofen and experienced brain fog. It helped but had side effects.,5,2024-04-23 06:00:00,Ibuprofen
860,Acetaminophen,I took Acetaminophen and experienced stomach cramps and itching. It helped but had side effects.,4,2025-06-19 02:00:00,Acetaminophen
861,Acetaminophen,I took Acetaminophen and experienced constipation. It helped but had side effects.,1,2024-03-15 03:00:00,Acetaminophen
862,Glucophage,I took Glucophage and experienced brain fog. It helped but had side effects.,1,2025-02-17 13:00:00,Metformin
863,Advil,I took Advil and experienced rash. It helped but had side effects.,4,2024-02-22 08:00:00,Ibuprofen
864,Tylenol,I took Tylenol and experienced depression and chest pain and constipation. It helped but had side effects.,1,2025-06-22 17:00:00,Acetaminophen
865,Metformin,I took Metformin and experienced depression and chest pain and panic. It helped but had side effects.,3,2024-05-16 23:00:00,Metformin
866,Ibuprofen,I took Ibuprofen and experienced depression and rash. It helped but had side effects.,3,2024-08-25 03:00:00,Ibuprofen
867,Metformin,I took Metformin and experienced panic and depression. It helped but had side effects.,1,2025-01-02 16:00:00,Metformin
868,Glucophage,I took Glucophage and experienced nausea and hives. It helped but had side effects.,2,2025-04-16 01:00:00,Metformin
869,Advil,I took Advil and experienced hives. It helped but had side effects.,2,2024-08-22 12:00:00,Ibuprofen
870,Glucophage,I took Glucophage and experienced headache and vomiting. It helped but had side effects.,1,2024-08-17 07:00:00,Metformin
871,Acetaminophen,I took Acetaminophen and experienced dizzy. It helped but had side effects.,3,2025-04-08 16:00:00,Acetaminophen
872,Metformin,I took Metformin and experienced dizzy. It helped but had side effects.,5,2025-07-02 14:00:00,Metformin
873,Glucophage,I took Glucophage and experienced chest pain and insomnia. It helped but had side effects.,1,2025-05-26 10:00:00,Metformin
874,Glucophage,I took Glucophage and experienced constipation and dizzy and vomiting. It helped but had side effects.,5,2024-04-25 05:00:00,Metformin
875,Glucophage,I took Glucophage and experienced vomiting. It helped but had side effects.,1,2024-03-04 05:00:00,Metformin
876,Acetaminophen,I took Acetaminophen and experienced dizzy. It helped but had side effects.,4,2024-12-27 14:00:00,Acetaminophen
877,Metformin,I took Metformin and experienced dizzy and headache and constipation. It helped but had side effects.,2,2024-04-09 01:00:00,Metformin
878,Ibuprofen,I took Ibuprofen and experienced constipation and chest pain. It helped but had side effects.,4,2024-08-05 06:00:00,Ibuprofen
879,Glucophage,I took Glucophage and experienced rash and insomnia and brain fog. It helped but had side effects.,5,2025-02-13 23:00:00,Metformin
880,Ibuprofen,I took Ibuprofen and experienced brain fog. It helped but had side effects.,2,2024-06-13 02:00:00,Ibuprofen
881,Acetaminophen,I took Acetaminophen and experienced headache and insomnia. It helped but had side effects.,5,2024-02-07 22:00:00,Acetaminophen
882,Acetaminophen,I took Acetaminophen and experienced headache and constipation. It helped but had side effects.,2,2025-02-13 14:00:00,Acetaminophen
883,Acetaminophen,I took Acetaminophen and experienced anxiety and brain fog. It helped but had side effects.,3,2025-08-08 16:00:00,Acetaminophen
884,Glucophage,I took Glucophage and experienced insomnia. It helped but had side effects.,2,2024-12-13 09:00:00,Metformin
885,Advil,I took Advil and experienced palpitations and tremor and fatigue. It helped but had side effects.,3,2025-04-18 01:00:00,Ibuprofen
886,Acetaminophen,I took Acetaminophen and experienced dizzy and depression and hives. It helped but had side effects.,3,2025-03-29 05:00:00,Acetaminophen
887,Glucophage,I took Glucophage and experienced constipation. It helped but had side effects.,2,2024-04-24 01:00:00,Metformin
888,Ibuprofen,I took Ibuprofen and experienced hives and redness. It helped but had side effects.,2,2024-08-17 02:00:00,Ibuprofen
889,Metformin,I took Metformin and experienced chest pain and diarrhea. It helped but had side effects.,5,2024-08-15 18:00:00,Metformin
890,Advil,I took Advil and experienced diarrhea. It helped but had side effects.,1,2025-05-31 21:00:00,Ibuprofen
891,Ibuprofen,I took Ibuprofen and experienced rash and fatigue and constipation. It helped but had side effects.,1,2024-02-07 07:00:00,Ibuprofen
892,Metformin,I took Metformin and experienced irritable and chest pain and rash. It helped but had side effects.,1,2024-08-20 10:00:00,Metformin
893,Ibuprofen,I took Ibuprofen and experienced irritable and stomach cramps and panic. It helped but had side effects.,3,2025-06-04 11:00:00,Ibuprofen
894,Ibuprofen,I took Ibuprofen and experienced hives. It helped but had side effects.,1,2024-09-15 04:00:00,Ibuprofen
895,Glucophage,I took Glucophage and experienced panic and diarrhea and redness. It helped but had side effects.,4,2025-06-12 23:00:00,Metformin
896,Advil,I took Advil and experienced depression and constipation. It helped but had side effects.,3,2025-04-27 07:00:00,Ibuprofen
897,Tylenol,I took Tylenol and experienced headache and panic and bloating. It helped but had side effects.,2,2024-05-10 04:00:00,Acetaminophen
898,Tylenol,I took Tylenol and experienced hives. It helped but had side effects.,4,2024-02-13 08:00:00,Acetaminophen
899,Glucophage,I took Glucophage and experienced anxiety and constipation and itching. It helped but had side effects.,3,2024-11-27 17:00:00,Metformin
900,Metformin,I took Metformin and experienced insomnia and anxiety and bloating. It helped but had side effects.,2,2025-01-13 00:00:00,Metformin
901,Tylenol,I took Tylenol and experienced nausea and panic. It helped but had side effects.,1,2024-04-30 00:00:00,Acetaminophen
902,Tylenol,I took Tylenol and experienced rash. It helped but had side effects.,3,2024-03-19 09:00:00,Acetaminophen
903,Acetaminophen,I took Acetaminophen and experienced bloating. It helped but had side effects.,1,2024-03-05 14:00:00,Acetaminophen
904,Ibuprofen,I took Ibuprofen and experienced anxiety. It helped but had side effects.,5,2025-04-19 13:00:00,Ibuprofen
905,Ibuprofen,I took Ibuprofen and experienced redness and bloating and headache. It helped but had side effects.,5,2024-05-14 12:00:00,Ibuprofen
906,Ibuprofen,I took Ibuprofen and experienced constipation. It helped but had side effects.,2,2024-11-17 00:00:00,Ibuprofen
907,Ibuprofen,I took Ibuprofen and experienced fatigue and palpitations. It helped but had side effects.,3,2024-10-08 11:00:00,Ibuprofen
908,Tylenol,I took Tylenol and experienced brain fog. It helped but had side effects.,2,2024-08-10 18:00:00,Acetaminophen
909,Acetaminophen,I took Acetaminophen and experienced panic and tremor. It helped but had side effects.,4,2024-03-08 11:00:00,Acetaminophen
910,Glucophage,I took Glucophage and experienced insomnia and blood pressure and panic. It helped but had side effects.,2,2025-09-03 14:00:00,Metformin
911,Metformin,I took Metformin and experienced dizzy. It helped but had side effects.,1,2024-07-13 13:00:00,Metformin
912,Metformin,I took Metformin and experienced nausea and headache and bloating. It helped but had side effects.,4,2024-02-14 20:00:00,Metformin
913,Acetaminophen,I took Acetaminophen and experienced tremor. It helped but had side effects.,3,2025-09-04 11:00:00,Acetaminophen
914,Metformin,I took Metformin and experienced depression and blood pressure. It helped but had side effects.,2,2025-04-05 00:00:00,Metformin
915,Metformin,I took Metformin and experienced irritable and palpitations and brain fog. It helped but had side effects.,4,2024-06-25 18:00:00,Metformin
916,Glucophage,I took Glucophage and experienced hives and depression. It helped but had side effects.,2,2025-01-31 04:00:00,Metformin
917,Tylenol,I took Tylenol and experienced palpitations and depression. It helped but had side effects.,2,2024-02-02 22:00:00,Acetaminophen
918,Ibuprofen,I took Ibuprofen and experienced redness. It helped but had side effects.,3,2024-01-27 17:00:00,Ibuprofen
919,Tylenol,I took Tylenol and experienced brain fog. It helped but had side effects.,5,2024-09-07 17:00:00,Acetaminophen
920,Advil,I took Advil and experienced anxiety. It helped but had side effects.,5,2024-04-22 05:00:00,Ibuprofen
921,Acetaminophen,I took Acetaminophen and experienced anxiety and redness and insomnia. It helped but had side effects.,5,2024-10-30 16:00:00,Acetaminophen
922,Acetaminophen,I took Acetaminophen and experienced bloating. It helped but had side effects.,3,2025-06-29 13:00:00,Acetaminophen
923,Acetaminophen,I took Acetaminophen and experienced brain fog. It helped but had side effects.,3,2024-12-19 07:00:00,Acetaminophen
924,Glucophage,I took Glucophage and experienced irritable. It helped but had side effects.,1,2025-05-22 18:00:00,Metformin
925,Glucophage,I took Glucophage and experienced hives and chest pain and panic. It helped but had side effects.,2,2025-02-01 06:00:00,Metformin
926,Tylenol,I took Tylenol and experienced rash. It helped but had side effects.,2,2024-09-12 01:00:00,Acetaminophen
927,Acetaminophen,I took Acetaminophen and experienced chest pain and dizzy. It helped but had side effects.,3,2025-02-28 20:00:00,Acetaminophen
928,Glucophage,I took Glucophage and experienced vomiting. It helped but had side effects.,1,2025-06-30 17:00:00,Metformin
929,Tylenol,I took Tylenol and experienced constipation. It helped but had side effects.,3,2024-08-07 21:00:00,Acetaminophen
930,Glucophage,I took Glucophage and experienced diarrhea. It helped but had side effects.,1,2024-02-04 10:00:00,Metformin
931,Metformin,I took Metformin and experienced anxiety and tremor and depression. It helped but had side effects.,3,2024-09-11 01:00:00,Metformin
932,Acetaminophen,I took Acetaminophen and experienced palpitations. It helped but had side effects.,2,2024-06-19 00:00:00,Acetaminophen
933,Metformin,I took Metformin and experienced constipation. It helped but had side effects.,1,2025-08-25 19:00:00,Metformin
934,Advil,I took Advil and experienced tremor. It helped but had side effects.,3,2025-01-13 11:00:00,Ibuprofen
935,Acetaminophen,I took Acetaminophen and experienced hives. It helped but had side effects.,4,2025-06-05 12:00:00,Acetaminophen
936,Acetaminophen,I took Acetaminophen and experienced nausea and palpitations and chest pain. It helped but had side effects.,4,2024-10-02 14:00:00,Acetaminophen
937,Ibuprofen,I took Ibuprofen and experienced anxiety and headache. It helped but had side effects.,3,2025-09-08 14:00:00,Ibuprofen
938,Advil,I took Advil and experienced fatigue and vomiting. It helped but had side effects.,2,2024-05-04 14:00:00,Ibuprofen
939,Acetaminophen,I took Acetaminophen and experienced tremor and constipation and itching. It helped but had side effects.,3,2025-02-26 08:00:00,Acetaminophen
940,Acetaminophen,I took Acetaminophen and experienced panic. It helped but had side effects.,4,2024-01-18 10:00:00,Acetaminophen
941,Acetaminophen,I took Acetaminophen and experienced depression and palpitations and redness. It helped but had side effects.,4,2024-10-29 14:00:00,Acetaminophen
942,Ibuprofen,I took Ibuprofen and experienced stomach cramps. It helped but had side effects.,3,2024-10-19 17:00:00,Ibuprofen
943,Acetaminophen,I took Acetaminophen and experienced headache and itching and dizzy. It helped but had side effects.,4,2025-01-26 01:00:00,Acetaminophen
944,Ibuprofen,I took Ibuprofen and experienced panic. It helped but had side effects.,3,2025-03-08 04:00:00,Ibuprofen
945,Glucophage,I took Glucophage and experienced constipation. It helped but had side effects.,2,2024-07-06 11:00:00,Metformin
946,Advil,I took Advil and experienced headache and diarrhea and blood pressure. It helped but had side effects.,5,2024-03-08 01:00:00,Ibuprofen
947,Metformin,I took Metformin and experienced palpitations. It helped but had side effects.,3,2024-10-28 21:00:00,Metformin
948,Ibuprofen,I took Ibuprofen and experienced hives. It helped but had side effects.,1,2025-03-04 16:00:00,Ibuprofen
949,Ibuprofen,I took Ibuprofen and experienced tremor and irritable. It helped but had side effects.,1,2025-08-10 07:00:00,Ibuprofen
950,Tylenol,I took Tylenol and experienced diarrhea and bloating. It helped but had side effects.,5,2024-08-06 14:00:00,Acetaminophen
951,Glucophage,I took Glucophage and experienced dizzy and irritable. It helped but had side effects.,1,2024-09-17 22:00:00,Metformin
952,Tylenol,I took Tylenol and experienced depression and blood pressure. It helped but had side effects.,4,2024-12-13 05:00:00,Acetaminophen
953,Acetaminophen,I took Acetaminophen and experienced diarrhea. It helped but had side effects.,3,2024-05-22 20:00:00,Acetaminophen
954,Ibuprofen,I took Ibuprofen and experienced itching. It helped but had side effects.,2,2025-08-02 16:00:00,Ibuprofen
955,Acetaminophen,I took Acetaminophen and experienced stomach cramps and itching and hives. It helped but had side effects.,1,2025-04-11 22:00:00,Acetaminophen
956,Acetaminophen,I took Acetaminophen and experienced diarrhea and panic. It helped but had side effects.,4,2024-07-27 21:00:00,Acetaminophen
957,Acetaminophen,I took Acetaminophen and experienced hives and itching. It helped but had side effects.,1,2024-08-05 19:00:00,Acetaminophen
958,Acetaminophen,I took Acetaminophen and experienced hives. It helped but had side effects.,2,2024-10-14 02:00:00,Acetaminophen
959,Glucophage,I took Glucophage and experienced headache and tremor. It helped but had side effects.,5,2024-01-17 23:00:00,Metformin
960,Tylenol,I took Tylenol and experienced chest pain and tremor and nausea. It helped but had side effects.,3,2025-08-05 07:00:00,Acetaminophen
961,Tylenol,I took Tylenol and experienced anxiety. It helped but had side effects.,4,2024-08-04 11:00:00,Acetaminophen
962,Tylenol,I took Tylenol and experienced hives and vomiting and irritable. It helped but had side effects.,4,2025-02-20 14:00:00,Acetaminophen
963,Acetaminophen,I took Acetaminophen and experienced constipation. It helped but had side effects.,3,2024-07-10 00:00:00,Acetaminophen
964,Acetaminophen,I took Acetaminophen and experienced rash and brain fog. It helped but had side effects.,1,2024-07-20 18:00:00,Acetaminophen
965,Ibuprofen,I took Ibuprofen and experienced hives. It helped but had side effects.,5,2024-10-29 19:00:00,Ibuprofen
966,Advil,I took Advil and experienced insomnia and brain fog. It helped but had side effects.,1,2025-03-26 09:00:00,Ibuprofen
967,Tylenol,I took Tylenol and experienced constipation. It helped but had side effects.,2,2025-04-20 17:00:00,Acetaminophen
968,Glucophage,I took Glucophage and experienced tremor and constipation. It helped but had side effects.,5,2025-06-21 15:00:00,Metformin
969,Tylenol,I took Tylenol and experienced chest pain. It helped but had side effects.,2,2025-05-31 19:00:00,Acetaminophen
970,Advil,I took Advil and experienced bloating. It helped but had side effects.,1,2025-02-04 16:00:00,Ibuprofen
971,Metformin,I took Metformin and experienced dizzy. It helped but had side effects.,2,2024-01-26 01:00:00,Metformin
972,Metformin,I took Metformin and experienced irritable and insomnia and diarrhea. It helped but had side effects.,3,2024-04-10 07:00:00,Metformin
973,Glucophage,I took Glucophage and experienced constipation. It helped but had side effects.,2,2025-03-08 10:00:00,Metformin
974,Advil,I took Advil and experienced bloating. It helped but had side effects.,4,2024-02-01 01:00:00,Ibuprofen
975,Acetaminophen,I took Acetaminophen and experienced insomnia. It helped but had side effects.,4,2024-08-01 07:00:00,Acetaminophen
976,Glucophage,I took Glucophage and experienced nausea. It helped but had side effects.,2,2024-01-31 21:00:00,Metformin
977,Metformin,I took Metformin and experienced tremor. It helped but had side effects.,4,2024-07-10 11:00:00,Metformin
978,Acetaminophen,I took Acetaminophen and experienced tremor. It helped but had side effects.,1,2025-05-25 07:00:00,Acetaminophen
979,Metformin,I took Metformin and experienced blood pressure and rash. It helped but had side effects.,1,2024-08-23 12:00:00,Metformin
980,Advil,I took Advil and experienced tremor. It helped but had side effects.,2,2025-03-02 02:00:00,Ibuprofen
981,Acetaminophen,I took Acetaminophen and experienced palpitations. It helped but had side effects.,3,2024-12-23 17:00:00,Acetaminophen
982,Acetaminophen,I took Acetaminophen and experienced palpitations and bloating and nausea. It helped but had side effects.,4,2025-04-30 22:00:00,Acetaminophen
983,Acetaminophen,I took Acetaminophen and experienced anxiety and vomiting. It helped but had side effects.,2,2025-03-13 16:00:00,Acetaminophen
984,Glucophage,I took Glucophage and experienced anxiety and irritable and blood pressure. It helped but had side effects.,2,2025-03-28 15:00:00,Metformin
985,Tylenol,I took Tylenol and experienced stomach cramps. It helped but had side effects.,2,2024-02-05 11:00:00,Acetaminophen
986,Advil,I took Advil and experienced constipation. It helped but had side effects.,4,2024-12-01 18:00:00,Ibuprofen
987,Advil,I took Advil and experienced depression. It helped but had side effects.,2,2025-09-01 14:00:00,Ibuprofen
988,Advil,I took Advil and experienced insomnia and stomach cramps and blood pressure. It helped but had side effects.,2,2024-05-30 17:00:00,Ibuprofen
989,Ibuprofen,I took Ibuprofen and experienced palpitations and blood pressure. It helped but had side effects.,5,2025-05-31 15:00:00,Ibuprofen
990,Glucophage,I took Glucophage and experienced diarrhea. It helped but had side effects.,3,2025-02-25 16:00:00,Metformin
991,Glucophage,I took Glucophage and experienced fatigue and anxiety. It helped but had side effects.,5,2025-03-18 04:00:00,Metformin
992,Metformin,I took Metformin and experienced nausea. It helped but had side effects.,5,2025-04-19 03:00:00,Metformin
993,Acetaminophen,I took Acetaminophen and experienced stomach cramps. It helped but had side effects.,2,2025-05-03 14:00:00,Acetaminophen
994,Metformin,I took Metformin and experienced hives. It helped but had side effects.,4,2025-05-03 08:00:00,Metformin
995,Acetaminophen,I took Acetaminophen and experienced insomnia. It helped but had side effects.,2,2024-08-01 16:00:00,Acetaminophen
996,Glucophage,I took Glucophage and experienced bloating and nausea. It helped but had side effects.,1,2024-08-12 22:00:00,Metformin
997,Ibuprofen,I took Ibuprofen and experienced palpitations and nausea and chest pain. It helped but had side effects.,1,2024-12-13 06:00:00,Ibuprofen
998,Ibuprofen,I took Ibuprofen and experienced irritable and depression. It helped but had side effects.,5,2024-07-30 09:00:00,Ibuprofen
999,Tylenol,I took Tylenol and experienced nausea and dizzy. It helped but had side effects.,5,2024-06-20 13:00:00,Acetaminophen
1000,Ibuprofen,I took Ibuprofen and experienced bloating. It helped but had side effects.,1,2024-11-04 13:00:00,Ibuprofen
1001,Tylenol,I took Tylenol and experienced stomach cramps. It helped but had side effects.,2,2024-12-10 07:00:00,Acetaminophen
1002,Ibuprofen,I took Ibuprofen and experienced headache. It helped but had side effects.,2,2024-07-20 22:00:00,Ibuprofen
1003,Ibuprofen,I took Ibuprofen and experienced bloating. It helped but had side effects.,2,2024-06-02 03:00:00,Ibuprofen
1004,Metformin,I took Metformin and experienced tremor. It helped but had side effects.,3,2025-08-19 13:00:00,Metformin
1005,Ibuprofen,I took Ibuprofen and experienced diarrhea. It helped but had side effects.,2,2024-01-25 06:00:00,Ibuprofen
1006,Ibuprofen,I took Ibuprofen and experienced itching and anxiety. It helped but had side effects.,2,2025-06-02 07:00:00,Ibuprofen
1007,Advil,I took Advil and experienced brain fog and stomach cramps and chest pain. It helped but had side effects.,4,2024-07-02 22:00:00,Ibuprofen
1008,Advil,I took Advil and experienced redness. It helped but had side effects.,3,2024-10-10 13:00:00,Ibuprofen
1009,Tylenol,I took Tylenol and experienced depression. It helped but had side effects.,3,2024-04-03 21:00:00,Acetaminophen
1010,Ibuprofen,I took Ibuprofen and experienced rash. It helped but had side effects.,4,2024-09-24 20:00:00,Ibuprofen
1011,Ibuprofen,I took Ibuprofen and experienced rash. It helped but had side effects.,4,2024-06-07 17:00:00,Ibuprofen
1012,Tylenol,I took Tylenol and experienced itching. It helped but had side effects.,2,2024-03-01 19:00:00,Acetaminophen
1013,Acetaminophen,I took Acetaminophen and experienced diarrhea and dizzy and fatigue. It helped but had side effects.,2,2024-09-19 23:00:00,Acetaminophen
1014,Tylenol,I took Tylenol and experienced palpitations and hives and stomach cramps. It helped but had side effects.,5,2025-03-30 05:00:00,Acetaminophen
1015,Acetaminophen,I took Acetaminophen and experienced blood pressure. It helped but had side effects.,3,2025-03-11 06:00:00,Acetaminophen
1016,Ibuprofen,I took Ibuprofen and experienced itching. It helped but had side effects.,5,2024-02-11 18:00:00,Ibuprofen
1017,Ibuprofen,I took Ibuprofen and experienced diarrhea. It helped but had side effects.,5,2024-12-04 15:00:00,Ibuprofen
1018,Tylenol,I took Tylenol and experienced insomnia. It helped but had side effects.,2,2024-03-27 19:00:00,Acetaminophen
1019,Acetaminophen,I took Acetaminophen and experienced panic and palpitations and brain fog. It helped but had side effects.,3,2024-04-02 13:00:00,Acetaminophen
1020,Tylenol,I took Tylenol and experienced constipation and insomnia and brain fog. It helped but had side effects.,2,2025-05-08 09:00:00,Acetaminophen
1021,Tylenol,I took Tylenol and experienced palpitations and redness and bloating. It helped but had side effects.,4,2025-02-25 08:00:00,Acetaminophen
1022,Tylenol,I took Tylenol and experienced chest pain and insomnia and brain fog. It helped but had side effects.,5,2025-02-08 02:00:00,Acetaminophen
1023,Acetaminophen,I took Acetaminophen and experienced stomach cramps. It helped but had side effects.,2,2024-05-01 08:00:00,Acetaminophen
1024,Glucophage,I took Glucophage and experienced chest pain and depression and diarrhea. It helped but had side effects.,5,2025-07-08 18:00:00,Metformin
1025,Advil,I took Advil and experienced itching and constipation. It helped but had side effects.,3,2024-02-19 16:00:00,Ibuprofen
1026,Metformin,I took Metformin and experienced palpitations and bloating and brain fog. It helped but had side effects.,3,2025-06-17 17:00:00,Metformin
1027,Glucophage,I took Glucophage and experienced stomach cramps and itching. It helped but had side effects.,4,2025-05-23 16:00:00,Metformin
1028,Ibuprofen,I took Ibuprofen and experienced insomnia and headache. It helped but had side effects.,4,2024-11-23 17:00:00,Ibuprofen
1029,Metformin,I took Metformin and experienced headache and itching. It helped but had side effects.,1,2025-01-24 12:00:00,Metformin
1030,Advil,I took Advil and experienced headache and brain fog and nausea. It helped but had side effects.,5,2025-01-28 23:00:00,Ibuprofen
1031,Ibuprofen,I took Ibuprofen and experienced nausea and irritable. It helped but had side effects.,2,2025-06-16 16:00:00,Ibuprofen
1032,Metformin,I took Metformin and experienced redness. It helped but had side effects.,3,2024-07-14 14:00:00,Metformin
1033,Acetaminophen,I took Acetaminophen and experienced fatigue and blood pressure. It helped but had side effects.,3,2025-06-29 03:00:00,Acetaminophen
1034,Ibuprofen,I took Ibuprofen and experienced palpitations and fatigue. It helped but had side effects.,4,2025-02-25 22:00:00,Ibuprofen
1035,Glucophage,I took Glucophage and experienced redness and irritable. It helped but had side effects.,1,2024-02-24 04:00:00,Metformin
1036,Ibuprofen,I took Ibuprofen and experienced bloating and chest pain. It helped but had side effects.,5,2025-09-08 18:00:00,Ibuprofen
1037,Glucophage,I took Glucophage and experienced brain fog and redness and depression. It helped but had side effects.,4,2024-06-10 00:00:00,Metformin
1038,Advil,I took Advil and experienced constipation and stomach cramps. It helped but had side effects.,3,2024-10-01 11:00:00,Ibuprofen
1039,Glucophage,I took Glucophage and experienced hives. It helped but had side effects.,2,2024-10-06 23:00:00,Metformin
1040,Advil,I took Advil and experienced diarrhea. It helped but had side effects.,3,2024-09-17 18:00:00,Ibuprofen
1041,Ibuprofen,I took Ibuprofen and experienced irritable and nausea and vomiting. It helped but had side effects.,1,2024-08-30 07:00:00,Ibuprofen
1042,Metformin,I took Metformin and experienced blood pressure and tremor and fatigue. It helped but had side effects.,2,2025-05-14 07:00:00,Metformin
1043,Metformin,I took Metformin and experienced anxiety. It helped but had side effects.,3,2024-03-14 07:00:00,Metformin
1044,Tylenol,I took Tylenol and experienced headache and fatigue and vomiting. It helped but had side effects.,3,2024-01-17 18:00:00,Acetaminophen
1045,Metformin,I took Metformin and experienced headache. It helped but had side effects.,2,2024-07-19 12:00:00,Metformin
1046,Metformin,I took Metformin and experienced headache and diarrhea and stomach cramps. It helped but had side effects.,3,2025-01-26 22:00:00,Metformin
1047,Tylenol,I took Tylenol and experienced brain fog and irritable and fatigue. It helped but had side effects.,5,2024-06-30 10:00:00,Acetaminophen
1048,Acetaminophen,I took Acetaminophen and experienced blood pressure and stomach cramps and vomiting. It helped but had side effects.,4,2024-09-04 12:00:00,Acetaminophen
1049,Acetaminophen,I took Acetaminophen and experienced palpitations. It helped but had side effects.,2,2024-04-08 12:00:00,Acetaminophen
1050,Ibuprofen,I took Ibuprofen and experienced panic and anxiety. It helped but had side effects.,1,2024-10-01 18:00:00,Ibuprofen
1051,Acetaminophen,I took Acetaminophen and experienced headache. It helped but had side effects.,4,2025-07-19 21:00:00,Acetaminophen
1052,Tylenol,I took Tylenol and experienced redness and hives and chest pain. It helped but had side effects.,4,2025-01-28 15:00:00,Acetaminophen
1053,Metformin,I took Metformin and experienced itching. It helped but had side effects.,2,2024-01-08 23:00:00,Metformin
1054,Advil,I took Advil and experienced nausea. It helped but had side effects.,4,2024-02-05 05:00:00,Ibuprofen
1055,Glucophage,I took Glucophage and experienced insomnia and blood pressure and anxiety. It helped but had side effects.,2,2025-03-28 16:00:00,Metformin
1056,Metformin,I took Metformin and experienced chest pain and irritable. It helped but had side effects.,5,2024-01-03 20:00:00,Metformin
1057,Advil,I took Advil and experienced dizzy. It helped but had side effects.,3,2024-11-19 01:00:00,Ibuprofen
1058,Metformin,I took Metformin and experienced redness. It helped but had side effects.,1,2024-08-24 22:00:00,Metformin
1059,Glucophage,I took Glucophage and experienced nausea. It helped but had side effects.,1,2024-05-31 10:00:00,Metformin
1060,Metformin,I took Metformin and experienced stomach cramps and anxiety and insomnia. It helped but had side effects.,3,2024-09-30 10:00:00,Metformin
1061,Advil,I took Advil and experienced irritable and redness and palpitations. It helped but had side effects.,2,2024-08-14 07:00:00,Ibuprofen
1062,Advil,I took Advil and experienced tremor and bloating and nausea. It helped but had side effects.,4,2025-02-27 02:00:00,Ibuprofen
1063,Advil,I took Advil and experienced bloating and stomach cramps. It helped but had side effects.,3,2024-08-27 02:00:00,Ibuprofen
1064,Ibuprofen,I took Ibuprofen and experienced chest pain and irritable and fatigue. It helped but had side effects.,3,2024-04-19 04:00:00,Ibuprofen
1065,Ibuprofen,I took Ibuprofen and experienced fatigue. It helped but had side effects.,4,2024-01-08 08:00:00,Ibuprofen
1066,Metformin,I took Metformin and experienced blood pressure. It helped but had side effects.,1,2025-07-21 13:00:00,Metformin
1067,Advil,I took Advil and experienced brain fog. It helped but had side effects.,1,2024-03-01 21:00:00,Ibuprofen
1068,Advil,I took Advil and experienced vomiting. It helped but had side effects.,3,2025-08-09 12:00:00,Ibuprofen
1069,Acetaminophen,I took Acetaminophen and experienced itching and panic and dizzy. It helped but had side effects.,3,2024-01-14 18:00:00,Acetaminophen
1070,Metformin,I took Metformin and experienced depression. It helped but had side effects.,5,2024-07-28 22:00:00,Metformin
1071,Acetaminophen,I took Acetaminophen and experienced blood pressure and insomnia. It helped but had side effects.,2,2024-08-30 18:00:00,Acetaminophen
1072,Acetaminophen,I took Acetaminophen and experienced depression and tremor and insomnia. It helped but had side effects.,1,2024-01-08 06:00:00,Acetaminophen
1073,Ibuprofen,I took Ibuprofen and experienced vomiting and insomnia. It helped but had side effects.,4,2024-05-16 20:00:00,Ibuprofen
1074,Glucophage,I took Glucophage and experienced fatigue and constipation. It helped but had side effects.,3,2024-08-20 15:00:00,Metformin
1075,Metformin,I took Metformin and experienced diarrhea. It helped but had side effects.,1,2025-05-30 03:00:00,Metformin
1076,Tylenol,I took Tylenol and experienced panic and brain fog and insomnia. It helped but had side effects.,4,2024-12-22 15:00:00,Acetaminophen
1077,Glucophage,I took Glucophage and experienced depression. It helped but had side effects.,2,2024-12-24 03:00:00,Metformin
1078,Metformin,I took Metformin and experienced rash. It helped but had side effects.,5,2025-09-10 09:00:00,Metformin
1079,Ibuprofen,I took Ibuprofen and experienced panic and insomnia and depression. It helped but had side effects.,1,2024-04-04 11:00:00,Ibuprofen
1080,Glucophage,I took Glucophage and experienced hives and vomiting. It helped but had side effects.,1,2025-07-03 11:00:00,Metformin
1081,Acetaminophen,I took Acetaminophen and experienced bloating and vomiting and fatigue. It helped but had side effects.,4,2025-05-18 06:00:00,Acetaminophen
1082,Tylenol,I took Tylenol and experienced dizzy. It helped but had side effects.,4,2024-10-02 17:00:00,Acetaminophen
1083,Ibuprofen,I took Ibuprofen and experienced tremor. It helped but had side effects.,3,2024-02-02 22:00:00,Ibuprofen
1084,Ibuprofen,I took Ibuprofen and experienced redness. It helped but had side effects.,5,2025-09-05 09:00:00,Ibuprofen
1085,Metformin,I took Metformin and experienced vomiting and panic and diarrhea. It helped but had side effects.,4,2024-08-04 11:00:00,Metformin
1086,Metformin,I took Metformin and experienced headache. It helped but had side effects.,4,2024-08-29 19:00:00,Metformin
1087,Metformin,I took Metformin and experienced constipation. It helped but had side effects.,5,2025-04-24 20:00:00,Metformin
1088,Glucophage,I took Glucophage and experienced constipation. It helped but had side effects.,1,2024-05-22 10:00:00,Metformin
1089,Tylenol,I took Tylenol and experienced fatigue. It helped but had side effects.,4,2025-03-05 19:00:00,Acetaminophen
1090,Acetaminophen,I took Acetaminophen and experienced tremor and anxiety. It helped but had side effects.,4,2024-11-27 04:00:00,Acetaminophen
1091,Advil,I took Advil and experienced hives. It helped but had side effects.,5,2025-06-16 12:00:00,Ibuprofen
1092,Ibuprofen,I took Ibuprofen and experienced dizzy and bloating. It helped but had side effects.,3,2024-06-27 22:00:00,Ibuprofen
1093,Glucophage,I took Glucophage and experienced stomach cramps and itching. It helped but had side effects.,2,2024-10-24 04:00:00,Metformin
1094,Glucophage,I took Glucophage and experienced vomiting and dizzy and depression. It helped but had side effects.,2,2025-04-30 01:00:00,Metformin
1095,Tylenol,I took Tylenol and experienced fatigue. It helped but had side effects.,1,2024-01-08 02:00:00,Acetaminophen
1096,Ibuprofen,I took Ibuprofen and experienced rash and chest pain. It helped but had side effects.,2,2025-03-31 11:00:00,Ibuprofen
1097,Ibuprofen,I took Ibuprofen and experienced hives and stomach cramps. It helped but had side effects.,4,2025-02-08 13:00:00,Ibuprofen
1098,Glucophage,I took Glucophage and experienced fatigue and stomach cramps and hives. It helped but had side effects.,4,2025-06-14 15:00:00,Metformin
1099,Acetaminophen,I took Acetaminophen and experienced tremor and headache and rash. It helped but had side effects.,4,2024-06-12 19:00:00,Acetaminophen
1100,Advil,I took Advil and experienced constipation. It helped but had side effects.,4,2025-07-26 02:00:00,Ibuprofen
1101,Tylenol,I took Tylenol and experienced fatigue. It helped but had side effects.,4,2024-07-16 01:00:00,Acetaminophen
1102,Ibuprofen,I took Ibuprofen and experienced tremor and chest pain. It helped but had side effects.,5,2024-09-30 17:00:00,Ibuprofen
1103,Ibuprofen,I took Ibuprofen and experienced rash. It helped but had side effects.,3,2024-06-14 05:00:00,Ibuprofen
1104,Metformin,I took Metformin and experienced constipation and blood pressure and stomach cramps. It helped but had side effects.,5,2024-05-24 17:00:00,Metformin
1105,Tylenol,I took Tylenol and experienced anxiety. It helped but had side effects.,5,2024-08-09 09:00:00,Acetaminophen
1106,Tylenol,I took Tylenol and experienced brain fog. It helped but had side effects.,2,2024-02-28 21:00:00,Acetaminophen
1107,Acetaminophen,I took Acetaminophen and experienced tremor. It helped but had side effects.,3,2025-06-16 15:00:00,Acetaminophen
1108,Metformin,I took Metformin and experienced tremor. It helped but had side effects.,1,2025-01-02 13:00:00,Metformin
1109,Tylenol,I took Tylenol and experienced headache. It helped but had side effects.,1,2025-01-26 07:00:00,Acetaminophen
1110,Acetaminophen,I took Acetaminophen and experienced insomnia and hives and chest pain. It helped but had side effects.,3,2025-02-27 16:00:00,Acetaminophen
1111,Glucophage,I took Glucophage and experienced dizzy and hives. It helped but had side effects.,5,2025-06-10 05:00:00,Metformin
1112,Acetaminophen,I took Acetaminophen and experienced depression. It helped but had side effects.,5,2025-01-27 18:00:00,Acetaminophen
1113,Advil,I took Advil and experienced insomnia. It helped but had side effects.,5,2024-11-28 12:00:00,Ibuprofen
1114,Glucophage,I took Glucophage and experienced insomnia and nausea. It helped but had side effects.,1,2024-05-25 14:00:00,Metformin
1115,Tylenol,I took Tylenol and experienced hives and nausea and insomnia. It helped but had side effects.,1,2024-08-08 20:00:00,Acetaminophen
1116,Glucophage,I took Glucophage and experienced irritable and constipation. It helped but had side effects.,5,2025-04-23 22:00:00,Metformin
1117,Acetaminophen,I took Acetaminophen and experienced vomiting and chest pain. It helped but had side effects.,3,2024-10-02 09:00:00,Acetaminophen
1118,Advil,I took Advil and experienced stomach cramps and itching. It helped but had side effects.,3,2024-02-04 15:00:00,Ibuprofen
1119,Ibuprofen,I took Ibuprofen and experienced chest pain and headache and stomach cramps. It helped but had side effects.,4,2025-07-10 07:00:00,Ibuprofen
1120,Glucophage,I took Glucophage and experienced itching. It helped but had side effects.,4,2024-07-09 06:00:00,Metformin
1121,Acetaminophen,I took Acetaminophen and experienced rash. It helped but had side effects.,2,2024-08-21 20:00:00,Acetaminophen
1122,Acetaminophen,I took Acetaminophen and experienced tremor. It helped but had side effects.,4,2025-08-09 01:00:00,Acetaminophen
1123,Ibuprofen,I took Ibuprofen and experienced stomach cramps and nausea and hives. It helped but had side effects.,4,2025-08-08 21:00:00,Ibuprofen
1124,Metformin,I took Metformin and experienced stomach cramps and bloating and nausea. It helped but had side effects.,2,2024-12-10 20:00:00,Metformin
1125,Advil,I took Advil and experienced palpitations. It helped but had side effects.,5,2024-04-01 15:00:00,Ibuprofen
1126,Glucophage,I took Glucophage and experienced bloating. It helped but had side effects.,2,2025-01-27 13:00:00,Metformin
1127,Tylenol,I took Tylenol and experienced redness and itching and depression. It helped but had side effects.,1,2024-10-15 16:00:00,Acetaminophen
1128,Tylenol,I took Tylenol and experienced insomnia. It helped but had side effects.,1,2024-04-22 14:00:00,Acetaminophen
1129,Acetaminophen,I took Acetaminophen and experienced diarrhea and depression. It helped but had side effects.,1,2024-06-04 10:00:00,Acetaminophen
1130,Glucophage,I took Glucophage and experienced panic and constipation and hives. It helped but had side effects.,2,2024-05-02 18:00:00,Metformin
1131,Glucophage,I took Glucophage and experienced anxiety and bloating. It helped but had side effects.,1,2024-11-04 16:00:00,Metformin
1132,Advil,I took Advil and experienced fatigue and irritable and itching. It helped but had side effects.,1,2025-02-09 04:00:00,Ibuprofen
1133,Ibuprofen,I took Ibuprofen and experienced depression and itching. It helped but had side effects.,4,2025-07-28 19:00:00,Ibuprofen
1134,Advil,I took Advil and experienced redness and tremor and panic. It helped but had side effects.,3,2025-06-11 02:00:00,Ibuprofen
1135,Ibuprofen,I took Ibuprofen and experienced rash. It helped but had side effects.,4,2024-10-04 18:00:00,Ibuprofen
1136,Glucophage,I took Glucophage and experienced brain fog. It helped but had side effects.,4,2024-01-07 06:00:00,Metformin
1137,Acetaminophen,I took Acetaminophen and experienced palpitations and rash and nausea. It helped but had side effects.,1,2024-04-03 06:00:00,Acetaminophen
1138,Glucophage,I took Glucophage and experienced dizzy and chest pain and nausea. It helped but had side effects.,4,2025-07-26 17:00:00,Metformin
1139,Advil,I took Advil and experienced constipation. It helped but had side effects.,1,2024-04-13 00:00:00,Ibuprofen
1140,Tylenol,I took Tylenol and experienced depression and irritable and diarrhea. It helped but had side effects.,5,2024-05-11 08:00:00,Acetaminophen
1141,Acetaminophen,I took Acetaminophen and experienced palpitations and tremor. It helped but had side effects.,2,2025-04-01 14:00:00,Acetaminophen
1142,Metformin,I took Metformin and experienced depression. It helped but had side effects.,4,2025-05-19 22:00:00,Metformin
1143,Metformin,I took Metformin and experienced bloating. It helped but had side effects.,1,2025-02-15 21:00:00,Metformin
1144,Glucophage,I took Glucophage and experienced fatigue. It helped but had side effects.,3,2025-01-29 07:00:00,Metformin
1145,Tylenol,I took Tylenol and experienced redness and brain fog and irritable. It helped but had side effects.,5,2025-03-31 07:00:00,Acetaminophen
1146,Acetaminophen,I took Acetaminophen and experienced insomnia. It helped but had side effects.,1,2024-11-10 22:00:00,Acetaminophen
1147,Acetaminophen,I took Acetaminophen and experienced chest pain and vomiting. It helped but had side effects.,3,2025-07-19 11:00:00,Acetaminophen
1148,Acetaminophen,I took Acetaminophen and experienced blood pressure and palpitations and rash. It helped but had side effects.,2,2024-09-04 08:00:00,Acetaminophen
1149,Acetaminophen,I took Acetaminophen and experienced redness and irritable. It helped but had side effects.,4,2024-05-08 15:00:00,Acetaminophen
1150,Tylenol,I took Tylenol and experienced itching and nausea and irritable. It helped but had side effects.,4,2024-12-31 02:00:00,Acetaminophen
1151,Ibuprofen,I took Ibuprofen and experienced panic and dizzy. It helped but had side effects.,1,2024-12-28 08:00:00,Ibuprofen
1152,Acetaminophen,I took Acetaminophen and experienced bloating and stomach cramps and brain fog. It helped but had side effects.,4,2025-08-15 23:00:00,Acetaminophen
1153,Metformin,I took Metformin and experienced irritable and anxiety and chest pain. It helped but had side effects.,1,2025-08-12 06:00:00,Metformin
1154,Glucophage,I took Glucophage and experienced itching. It helped but had side effects.,2,2024-05-26 20:00:00,Metformin
1155,Ibuprofen,I took Ibuprofen and experienced palpitations and itching. It helped but had side effects.,5,2024-09-06 09:00:00,Ibuprofen
1156,Metformin,I took Metformin and experienced panic and irritable and constipation. It helped but had side effects.,3,2025-02-27 10:00:00,Metformin
1157,Ibuprofen,I took Ibuprofen and experienced bloating. It helped but had side effects.,5,2024-09-24 19:00:00,Ibuprofen
1158,Ibuprofen,I took Ibuprofen and experienced headache. It helped but had side effects.,3,2024-01-19 00:00:00,Ibuprofen
1159,Ibuprofen,I took Ibuprofen and experienced rash. It helped but had side effects.,1,2024-06-11 06:00:00,Ibuprofen
1160,Ibuprofen,I took Ibuprofen and experienced irritable. It helped but had side effects.,4,2024-06-02 00:00:00,Ibuprofen
1161,Metformin,I took Metformin and experienced redness. It helped but had side effects.,2,2024-06-14 12:00:00,Metformin
1162,Acetaminophen,I took Acetaminophen and experienced hives and stomach cramps. It helped but had side effects.,3,2024-01-28 12:00:00,Acetaminophen
1163,Advil,I took Advil and experienced palpitations. It helped but had side effects.,1,2025-06-24 11:00:00,Ibuprofen
1164,Ibuprofen,I took Ibuprofen and experienced headache. It helped but had side effects.,4,2024-09-01 16:00:00,Ibuprofen
1165,Glucophage,I took Glucophage and experienced palpitations. It helped but had side effects.,3,2025-04-22 08:00:00,Metformin
1166,Metformin,I took Metformin and experienced diarrhea. It helped but had side effects.,2,2025-03-22 14:00:00,Metformin
1167,Advil,I took Advil and experienced hives. It helped but had side effects.,2,2025-07-02 09:00:00,Ibuprofen
1168,Ibuprofen,I took Ibuprofen and experienced constipation and insomnia and blood pressure. It helped but had side effects.,3,2024-12-18 23:00:00,Ibuprofen
1169,Glucophage,I took Glucophage and experienced headache. It helped but had side effects.,1,2025-03-08 08:00:00,Metformin
1170,Metformin,I took Metformin and experienced diarrhea and depression. It helped but had side effects.,5,2024-09-30 13:00:00,Metformin
1171,Glucophage,I took Glucophage and experienced tremor. It helped but had side effects.,2,2024-11-13 04:00:00,Metformin
1172,Acetaminophen,I took Acetaminophen and experienced chest pain and panic. It helped but had side effects.,3,2025-06-17 15:00:00,Acetaminophen
1173,Metformin,I took Metformin and experienced rash. It helped but had side effects.,3,2025-05-10 16:00:00,Metformin
1174,Tylenol,I took Tylenol and experienced brain fog. It helped but had side effects.,2,2025-09-04 10:00:00,Acetaminophen
1175,Metformin,I took Metformin and experienced constipation. It helped but had side effects.,1,2024-02-11 03:00:00,Metformin
1176,Metformin,I took Metformin and experienced blood pressure and vomiting and diarrhea. It helped but had side effects.,3,2024-05-08 22:00:00,Metformin
1177,Ibuprofen,I took Ibuprofen and experienced redness and dizzy. It helped but had side effects.,3,2024-05-31 00:00:00,Ibuprofen
1178,Glucophage,I took Glucophage and experienced dizzy. It helped but had side effects.,2,2024-11-11 23:00:00,Metformin
1179,Tylenol,I took Tylenol and experienced irritable. It helped but had side effects.,3,2024-12-09 11:00:00,Acetaminophen
1180,Advil,I took Advil and experienced fatigue and palpitations. It helped but had side effects.,3,2024-01-24 16:00:00,Ibuprofen
1181,Tylenol,I took Tylenol and experienced fatigue and palpitations and headache. It helped but had side effects.,4,2025-04-01 19:00:00,Acetaminophen
1182,Glucophage,I took Glucophage and experienced bloating. It helped but had side effects.,1,2025-09-14 17:00:00,Metformin
1183,Acetaminophen,I took Acetaminophen and experienced rash. It helped but had side effects.,1,2024-07-17 07:00:00,Acetaminophen
1184,Advil,I took Advil and experienced vomiting and brain fog. It helped but had side effects.,2,2025-03-09 09:00:00,Ibuprofen
1185,Metformin,I took Metformin and experienced hives. It helped but had side effects.,1,2024-06-18 13:00:00,Metformin
1186,Metformin,I took Metformin and experienced bloating. It helped but had side effects.,3,2025-05-07 19:00:00,Metformin
1187,Ibuprofen,I took Ibuprofen and experienced bloating. It helped but had side effects.,1,2024-10-15 02:00:00,Ibuprofen
1188,Glucophage,I took Glucophage and experienced headache. It helped but had side effects.,5,2024-11-03 23:00:00,Metformin
1189,Tylenol,I took Tylenol and experienced irritable. It helped but had side effects.,4,2024-06-09 18:00:00,Acetaminophen
1190,Advil,I took Advil and experienced vomiting and palpitations. It helped but had side effects.,5,2024-12-09 05:00:00,Ibuprofen
1191,Advil,I took Advil and experienced diarrhea and depression. It helped but had side effects.,4,2025-03-29 22:00:00,Ibuprofen
1192,Glucophage,I took Glucophage and experienced bloating. It helped but had side effects.,3,2025-09-06 20:00:00,Metformin
1193,Tylenol,I took Tylenol and experienced vomiting. It helped but had side effects.,2,2025-03-04 12:00:00,Acetaminophen
1194,Acetaminophen,I took Acetaminophen and experienced fatigue. It helped but had side effects.,5,2025-05-07 14:00:00,Acetaminophen
1195,Ibuprofen,I took Ibuprofen and experienced headache. It helped but had side effects.,1,2024-08-22 14:00:00,Ibuprofen
1196,Glucophage,I took Glucophage and experienced blood pressure. It helped but had side effects.,5,2024-05-04 17:00:00,Metformin
1197,Metformin,I took Metformin and experienced diarrhea. It helped but had side effects.,4,2024-04-23 06:00:00,Metformin
1198,Advil,I took Advil and experienced nausea. It helped but had side effects.,3,2025-06-02 09:00:00,Ibuprofen
1199,Advil,I took Advil and experienced dizzy and panic and headache. It helped but had side effects.,5,2025-02-24 02:00:00,Ibuprofen
1200,Glucophage,I took Glucophage and experienced diarrhea. It helped but had side effects.,5,2025-05-04 22:00:00,Metformin
1201,Tylenol,I took Tylenol and experienced rash and redness. It helped but had side effects.,5,2024-03-12 04:00:00,Acetaminophen
1202,Ibuprofen,I took Ibuprofen and experienced hives. It helped but had side effects.,5,2025-08-10 13:00:00,Ibuprofen
1203,Acetaminophen,I took Acetaminophen and experienced anxiety and depression. It helped but had side effects.,3,2025-07-23 15:00:00,Acetaminophen
1204,Acetaminophen,I took Acetaminophen and experienced constipation and bloating and insomnia. It helped but had side effects.,4,2024-10-17 23:00:00,Acetaminophen
1205,Glucophage,I took Glucophage and experienced chest pain and stomach cramps and anxiety. It helped but had side effects.,4,2025-04-26 14:00:00,Metformin
1206,Glucophage,I took Glucophage and experienced chest pain. It helped but had side effects.,4,2024-06-13 04:00:00,Metformin
1207,Advil,I took Advil and experienced dizzy and panic. It helped but had side effects.,4,2024-06-10 21:00:00,Ibuprofen
1208,Ibuprofen,I took Ibuprofen and experienced constipation. It helped but had side effects.,4,2025-08-14 05:00:00,Ibuprofen
1209,Tylenol,I took Tylenol and experienced irritable. It helped but had side effects.,4,2025-06-13 16:00:00,Acetaminophen
1210,Advil,I took Advil and experienced nausea. It helped but had side effects.,1,2024-11-25 21:00:00,Ibuprofen
1211,Advil,I took Advil and experienced redness and constipation. It helped but had side effects.,2,2024-05-29 05:00:00,Ibuprofen
1212,Acetaminophen,I took Acetaminophen and experienced fatigue. It helped but had side effects.,1,2024-04-22 20:00:00,Acetaminophen
1213,Tylenol,I took Tylenol and experienced palpitations. It helped but had side effects.,3,2024-02-05 07:00:00,Acetaminophen
1214,Metformin,I took Metformin and experienced stomach cramps and palpitations. It helped but had side effects.,2,2025-07-29 04:00:00,Metformin
1215,Tylenol,I took Tylenol and experienced constipation and panic and redness. It helped but had side effects.,5,2025-06-01 15:00:00,Acetaminophen
1216,Acetaminophen,I took Acetaminophen and experienced nausea and diarrhea. It helped but had side effects.,2,2024-11-09 08:00:00,Acetaminophen
1217,Glucophage,I took Glucophage and experienced vomiting. It helped but had side effects.,1,2025-05-24 23:00:00,Metformin
1218,Advil,I took Advil and experienced insomnia. It helped but had side effects.,5,2025-04-26 14:00:00,Ibuprofen
1219,Tylenol,I took Tylenol and experienced rash and anxiety. It helped but had side effects.,1,2024-06-24 14:00:00,Acetaminophen
1220,Tylenol,I took Tylenol and experienced diarrhea and brain fog and rash. It helped but had side effects.,4,2024-10-16 21:00:00,Acetaminophen
1221,Ibuprofen,I took Ibuprofen and experienced vomiting and rash and headache. It helped but had side effects.,3,2025-04-09 13:00:00,Ibuprofen
1222,Advil,I took Advil and experienced vomiting. It helped but had side effects.,4,2025-08-20 16:00:00,Ibuprofen
1223,Metformin,I took Metformin and experienced panic. It helped but had side effects.,2,2024-01-07 20:00:00,Metformin
1224,Glucophage,I took Glucophage and experienced itching and rash. It helped but had side effects.,2,2024-03-14 14:00:00,Metformin
1225,Advil,I took Advil and experienced constipation. It helped but had side effects.,4,2025-05-15 11:00:00,Ibuprofen
1226,Metformin,I took Metformin and experienced rash and hives and anxiety. It helped but had side effects.,3,2024-05-25 17:00:00,Metformin
1227,Acetaminophen,I took Acetaminophen and experienced itching and headache. It helped but had side effects.,3,2025-05-06 04:00:00,Acetaminophen
1228,Acetaminophen,I took Acetaminophen and experienced headache and irritable and constipation. It helped but had side effects.,3,2024-02-23 04:00:00,Acetaminophen
1229,Acetaminophen,I took Acetaminophen and experienced vomiting. It helped but had side effects.,5,2024-09-03 01:00:00,Acetaminophen
1230,Glucophage,I took Glucophage and experienced fatigue and blood pressure and constipation. It helped but had side effects.,3,2024-10-26 13:00:00,Metformin
1231,Tylenol,I took Tylenol and experienced panic and irritable. It helped but had side effects.,3,2024-09-08 21:00:00,Acetaminophen
1232,Tylenol,I took Tylenol and experienced vomiting. It helped but had side effects.,2,2025-08-09 14:00:00,Acetaminophen
1233,Metformin,I took Metformin and experienced blood pressure and vomiting. It helped but had side effects.,3,2024-11-10 15:00:00,Metformin
1234,Glucophage,I took Glucophage and experienced fatigue. It helped but had side effects.,3,2024-01-21 05:00:00,Metformin
1235,Acetaminophen,I took Acetaminophen and experienced fatigue and tremor. It helped but had side effects.,4,2025-06-16 04:00:00,Acetaminophen
1236,Acetaminophen,I took Acetaminophen and experienced blood pressure and stomach cramps and fatigue. It helped but had side effects.,3,2024-05-04 12:00:00,Acetaminophen
1237,Advil,I took Advil and experienced tremor and itching. It helped but had side effects.,2,2025-08-05 11:00:00,Ibuprofen
1238,Metformin,I took Metformin and experienced nausea. It helped but had side effects.,5,2024-01-11 03:00:00,Metformin
1239,Tylenol,I took Tylenol and experienced insomnia. It helped but had side effects.,3,2024-01-26 23:00:00,Acetaminophen
1240,Metformin,I took Metformin and experienced fatigue and nausea. It helped but had side effects.,4,2024-02-18 02:00:00,Metformin
1241,Acetaminophen,I took Acetaminophen and experienced constipation. It helped but had side effects.,5,2025-04-25 06:00:00,Acetaminophen
1242,Ibuprofen,I took Ibuprofen and experienced hives. It helped but had side effects.,5,2025-05-08 01:00:00,Ibuprofen
1243,Metformin,I took Metformin and experienced vomiting. It helped but had side effects.,5,2025-05-07 03:00:00,Metformin
1244,Tylenol,I took Tylenol and experienced headache and depression. It helped but had side effects.,5,2024-07-10 07:00:00,Acetaminophen
1245,Ibuprofen,I took Ibuprofen and experienced chest pain and constipation. It helped but had side effects.,1,2025-05-29 02:00:00,Ibuprofen
1246,Metformin,I took Metformin and experienced hives. It helped but had side effects.,5,2025-05-25 22:00:00,Metformin
1247,Glucophage,I took Glucophage and experienced itching. It helped but had side effects.,4,2024-11-18 22:00:00,Metformin
1248,Glucophage,I took Glucophage and experienced irritable. It helped but had side effects.,5,2024-09-17 11:00:00,Metformin
1249,Ibuprofen,I took Ibuprofen and experienced dizzy and diarrhea and rash. It helped but had side effects.,3,2025-01-30 18:00:00,Ibuprofen
1250,Tylenol,I took Tylenol and experienced fatigue. It helped but had side effects.,4,2024-05-17 11:00:00,Acetaminophen
1251,Glucophage,I took Glucophage and experienced nausea and dizzy. It helped but had side effects.,3,2025-01-25 17:00:00,Metformin
1252,Glucophage,I took Glucophage and experienced brain fog and chest pain and diarrhea. It helped but had side effects.,1,2025-06-30 10:00:00,Metformin
1253,Tylenol,I took Tylenol and experienced tremor and rash and dizzy. It helped but had side effects.,1,2024-10-20 20:00:00,Acetaminophen
1254,Acetaminophen,I took Acetaminophen and experienced palpitations. It helped but had side effects.,1,2025-04-25 10:00:00,Acetaminophen
1255,Acetaminophen,I took Acetaminophen and experienced tremor and vomiting and itching. It helped but had side effects.,3,2024-12-29 10:00:00,Acetaminophen
1256,Metformin,I took Metformin and experienced headache. It helped but had side effects.,5,2024-04-06 01:00:00,Metformin
1257,Acetaminophen,I took Acetaminophen and experienced bloating and headache and nausea. It helped but had side effects.,2,2024-09-25 23:00:00,Acetaminophen
1258,Glucophage,I took Glucophage and experienced blood pressure. It helped but had side effects.,5,2024-10-08 01:00:00,Metformin
1259,Acetaminophen,I took Acetaminophen and experienced redness and dizzy. It helped but had side effects.,2,2024-10-18 22:00:00,Acetaminophen
1260,Metformin,I took Metformin and experienced fatigue. It helped but had side effects.,2,2025-03-28 19:00:00,Metformin
1261,Tylenol,I took Tylenol and experienced fatigue and palpitations and anxiety. It helped but had side effects.,3,2024-08-24 16:00:00,Acetaminophen
1262,Metformin,I took Metformin and experienced headache. It helped but had side effects.,5,2024-11-25 14:00:00,Metformin
1263,Ibuprofen,I took Ibuprofen and experienced depression and anxiety and brain fog. It helped but had side effects.,2,2025-08-16 08:00:00,Ibuprofen
1264,Tylenol,I took Tylenol and experienced rash. It helped but had side effects.,4,2024-10-24 11:00:00,Acetaminophen
1265,Metformin,I took Metformin and experienced fatigue. It helped but had side effects.,5,2024-05-19 05:00:00,Metformin
1266,Acetaminophen,I took Acetaminophen and experienced constipation. It helped but had side effects.,4,2024-08-01 10:00:00,Acetaminophen
1267,Tylenol,I took Tylenol and experienced irritable. It helped but had side effects.,1,2025-02-02 10:00:00,Acetaminophen
1268,Metformin,I took Metformin and experienced insomnia. It helped but had side effects.,3,2024-07-11 18:00:00,Metformin
1269,Acetaminophen,I took Acetaminophen and experienced anxiety. It helped but had side effects.,1,2025-02-17 22:00:00,Acetaminophen
1270,Advil,I took Advil and experienced constipation. It helped but had side effects.,2,2024-10-17 23:00:00,Ibuprofen
1271,Ibuprofen,I took Ibuprofen and experienced irritable and headache and fatigue. It helped but had side effects.,1,2025-04-02 02:00:00,Ibuprofen
1272,Advil,I took Advil and experienced constipation and brain fog. It helped but had side effects.,5,2024-09-13 15:00:00,Ibuprofen
1273,Ibuprofen,I took Ibuprofen and experienced palpitations. It helped but had side effects.,2,2024-10-30 02:00:00,Ibuprofen
1274,Glucophage,I took Glucophage and experienced redness and constipation and vomiting. It helped but had side effects.,3,2025-06-03 14:00:00,Metformin
1275,Tylenol,I took Tylenol and experienced redness. It helped but had side effects.,5,2024-12-10 05:00:00,Acetaminophen
1276,Tylenol,I took Tylenol and experienced depression. It helped but had side effects.,2,2024-08-19 05:00:00,Acetaminophen
1277,Ibuprofen,I took Ibuprofen and experienced itching and stomach cramps. It helped but had side effects.,4,2025-06-23 00:00:00,Ibuprofen
1278,Glucophage,I took Glucophage and experienced dizzy. It helped but had side effects.,1,2024-06-24 17:00:00,Metformin
1279,Ibuprofen,I took Ibuprofen and experienced chest pain and nausea. It helped but had side effects.,4,2024-12-25 21:00:00,Ibuprofen
1280,Metformin,I took Metformin and experienced panic. It helped but had side effects.,3,2025-08-28 06:00:00,Metformin
1281,Tylenol,I took Tylenol and experienced nausea and irritable and anxiety. It helped but had side effects.,5,2024-11-04 11:00:00,Acetaminophen
1282,Advil,I took Advil and experienced chest pain and rash and blood pressure. It helped but had side effects.,4,2024-05-31 08:00:00,Ibuprofen
1283,Metformin,I took Metformin and experienced redness and brain fog and diarrhea. It helped but had side effects.,3,2024-12-13 10:00:00,Metformin
1284,Ibuprofen,I took Ibuprofen and experienced nausea and tremor. It helped but had side effects.,2,2025-05-11 06:00:00,Ibuprofen
1285,Advil,I took Advil and experienced rash. It helped but had side effects.,2,2024-11-05 15:00:00,Ibuprofen
1286,Ibuprofen,I took Ibuprofen and experienced fatigue. It helped but had side effects.,4,2025-04-11 15:00:00,Ibuprofen
1287,Acetaminophen,I took Acetaminophen and experienced dizzy and headache and palpitations. It helped but had side effects.,5,2024-05-13 07:00:00,Acetaminophen
1288,Metformin,I took Metformin and experienced itching. It helped but had side effects.,5,2025-06-25 07:00:00,Metformin
1289,Advil,I took Advil and experienced panic. It helped but had side effects.,5,2024-11-11 11:00:00,Ibuprofen
1290,Tylenol,I took Tylenol and experienced redness. It helped but had side effects.,1,2024-07-05 19:00:00,Acetaminophen
1291,Advil,I took Advil and experienced rash and fatigue. It helped but had side effects.,3,2024-03-28 01:00:00,Ibuprofen
1292,Metformin,I took Metformin and experienced rash and blood pressure. It helped but had side effects.,5,2024-05-08 17:00:00,Metformin
1293,Tylenol,I took Tylenol and experienced headache and anxiety and hives. It helped but had side effects.,3,2025-06-06 04:00:00,Acetaminophen
1294,Ibuprofen,I took Ibuprofen and experienced stomach cramps. It helped but had side effects.,4,2024-09-10 05:00:00,Ibuprofen
1295,Metformin,I took Metformin and experienced bloating and chest pain and tremor. It helped but had side effects.,5,2024-05-02 06:00:00,Metformin
1296,Advil,I took Advil and experienced redness. It helped but had side effects.,4,2025-08-25 18:00:00,Ibuprofen
1297,Ibuprofen,I took Ibuprofen and experienced rash. It helped but had side effects.,3,2025-07-10 13:00:00,Ibuprofen
1298,Advil,I took Advil and experienced nausea and tremor. It helped but had side effects.,1,2025-01-31 12:00:00,Ibuprofen
1299,Ibuprofen,I took Ibuprofen and experienced irritable. It helped but had side effects.,1,2025-01-07 12:00:00,Ibuprofen
1300,Tylenol,I took Tylenol and experienced itching and panic. It helped but had side effects.,5,2025-02-19 17:00:00,Acetaminophen
1301,Metformin,I took Metformin and experienced stomach cramps. It helped but had side effects.,2,2025-01-31 01:00:00,Metformin
1302,Tylenol,I took Tylenol and experienced blood pressure and nausea and anxiety. It helped but had side effects.,2,2024-07-04 16:00:00,Acetaminophen
1303,Acetaminophen,I took Acetaminophen and experienced brain fog and blood pressure and dizzy. It helped but had side effects.,5,2024-08-02 17:00:00,Acetaminophen
1304,Tylenol,I took Tylenol and experienced fatigue. It helped but had side effects.,3,2024-11-07 02:00:00,Acetaminophen
1305,Glucophage,I took Glucophage and experienced dizzy. It helped but had side effects.,3,2025-01-08 08:00:00,Metformin
1306,Ibuprofen,I took Ibuprofen and experienced depression and vomiting. It helped but had side effects.,4,2025-06-14 20:00:00,Ibuprofen
1307,Tylenol,I took Tylenol and experienced redness. It helped but had side effects.,1,2024-01-07 23:00:00,Acetaminophen
1308,Acetaminophen,I took Acetaminophen and experienced fatigue and diarrhea and blood pressure. It helped but had side effects.,5,2025-09-04 14:00:00,Acetaminophen
1309,Metformin,I took Metformin and experienced irritable. It helped but had side effects.,1,2024-03-09 09:00:00,Metformin
1310,Ibuprofen,I took Ibuprofen and experienced vomiting. It helped but had side effects.,4,2024-07-14 02:00:00,Ibuprofen
1311,Tylenol,I took Tylenol and experienced irritable. It helped but had side effects.,2,2024-10-29 18:00:00,Acetaminophen
1312,Metformin,I took Metformin and experienced fatigue and constipation and vomiting. It helped but had side effects.,5,2025-05-27 10:00:00,Metformin
1313,Glucophage,I took Glucophage and experienced stomach cramps. It helped but had side effects.,3,2025-09-08 22:00:00,Metformin
1314,Tylenol,I took Tylenol and experienced vomiting. It helped but had side effects.,5,2025-01-05 02:00:00,Acetaminophen
1315,Metformin,I took Metformin and experienced itching. It helped but had side effects.,2,2024-10-10 12:00:00,Metformin
1316,Tylenol,I took Tylenol and experienced redness. It helped but had side effects.,1,2024-12-18 12:00:00,Acetaminophen
1317,Advil,I took Advil and experienced depression and headache. It helped but had side effects.,1,2025-04-11 06:00:00,Ibuprofen
1318,Acetaminophen,I took Acetaminophen and experienced rash and constipation and itching. It helped but had side effects.,1,2024-10-02 10:00:00,Acetaminophen
1319,Metformin,I took Metformin and experienced fatigue and bloating. It helped but had side effects.,2,2025-03-31 05:00:00,Metformin
1320,Ibuprofen,I took Ibuprofen and experienced vomiting. It helped but had side effects.,2,2025-06-26 18:00:00,Ibuprofen
1321,Ibuprofen,I took Ibuprofen and experienced palpitations and headache. It helped but had side effects.,2,2024-06-03 17:00:00,Ibuprofen
1322,Metformin,I took Metformin and experienced brain fog. It helped but had side effects.,1,2025-06-25 10:00:00,Metformin
1323,Ibuprofen,I took Ibuprofen and experienced tremor and hives and palpitations. It helped but had side effects.,3,2025-01-07 01:00:00,Ibuprofen
1324,Advil,I took Advil and experienced blood pressure. It helped but had side effects.,2,2024-04-13 23:00:00,Ibuprofen
1325,Acetaminophen,I took Acetaminophen and experienced tremor and fatigue and hives. It helped but had side effects.,4,2024-05-17 23:00:00,Acetaminophen
1326,Metformin,I took Metformin and experienced vomiting. It helped but had side effects.,2,2024-02-20 05:00:00,Metformin
1327,Advil,I took Advil and experienced irritable. It helped but had side effects.,1,2025-03-19 20:00:00,Ibuprofen
1328,Glucophage,I took Glucophage and experienced depression and blood pressure and hives. It helped but had side effects.,4,2024-12-28 20:00:00,Metformin
1329,Tylenol,I took Tylenol and experienced panic and constipation and tremor. It helped but had side effects.,5,2024-05-08 02:00:00,Acetaminophen
1330,Ibuprofen,I took Ibuprofen and experienced stomach cramps. It helped but had side effects.,2,2025-04-17 12:00:00,Ibuprofen
1331,Acetaminophen,I took Acetaminophen and experienced itching. It helped but had side effects.,4,2025-04-01 07:00:00,Acetaminophen
1332,Tylenol,I took Tylenol and experienced itching and anxiety. It helped but had side effects.,5,2025-07-06 16:00:00,Acetaminophen
1333,Metformin,I took Metformin and experienced constipation. It helped but had side effects.,1,2024-09-21 18:00:00,Metformin
1334,Tylenol,I took Tylenol and experienced stomach cramps. It helped but had side effects.,1,2025-02-14 19:00:00,Acetaminophen
1335,Acetaminophen,I took Acetaminophen and experienced headache. It helped but had side effects.,2,2024-06-08 13:00:00,Acetaminophen
1336,Metformin,I took Metformin and experienced tremor. It helped but had side effects.,2,2024-06-10 01:00:00,Metformin
1337,Acetaminophen,I took Acetaminophen and experienced anxiety. It helped but had side effects.,3,2024-07-14 06:00:00,Acetaminophen
1338,Metformin,I took Metformin and experienced headache and tremor. It helped but had side effects.,5,2025-03-28 18:00:00,Metformin
1339,Metformin,I took Metformin and experienced depression. It helped but had side effects.,2,2024-11-15 13:00:00,Metformin
1340,Advil,I took Advil and experienced nausea and irritable. It helped but had side effects.,5,2024-10-05 02:00:00,Ibuprofen
1341,Acetaminophen,I took Acetaminophen and experienced irritable and itching. It helped but had side effects.,5,2024-09-20 10:00:00,Acetaminophen
1342,Acetaminophen,I took Acetaminophen and experienced depression and bloating and diarrhea. It helped but had side effects.,1,2024-10-07 12:00:00,Acetaminophen
1343,Metformin,I took Metformin and experienced dizzy. It helped but had side effects.,1,2024-12-06 15:00:00,Metformin
1344,Glucophage,I took Glucophage and experienced constipation. It helped but had side effects.,5,2024-05-09 06:00:00,Metformin
1345,Tylenol,I took Tylenol and experienced palpitations and headache and vomiting. It helped but had side effects.,3,2024-09-11 16:00:00,Acetaminophen
1346,Tylenol,I took Tylenol and experienced diarrhea. It helped but had side effects.,2,2024-04-20 11:00:00,Acetaminophen
1347,Tylenol,I took Tylenol and experienced fatigue and chest pain. It helped but had side effects.,1,2024-01-03 02:00:00,Acetaminophen
1348,Metformin,I took Metformin and experienced vomiting and nausea. It helped but had side effects.,2,2024-05-19 21:00:00,Metformin
1349,Ibuprofen,I took Ibuprofen and experienced blood pressure. It helped but had side effects.,3,2025-08-04 22:00:00,Ibuprofen
1350,Glucophage,I took Glucophage and experienced hives and insomnia and bloating. It helped but had side effects.,3,2024-08-04 15:00:00,Metformin
1351,Metformin,I took Metformin and experienced hives and irritable. It helped but had side effects.,1,2025-07-07 00:00:00,Metformin
1352,Advil,I took Advil and experienced redness. It helped but had side effects.,4,2025-09-02 17:00:00,Ibuprofen
1353,Metformin,I took Metformin and experienced insomnia and itching and blood pressure. It helped but had side effects.,3,2024-07-29 10:00:00,Metformin
1354,Tylenol,I took Tylenol and experienced anxiety. It helped but had side effects.,3,2024-11-15 18:00:00,Acetaminophen
1355,Tylenol,I took Tylenol and experienced irritable and tremor. It helped but had side effects.,4,2024-09-27 22:00:00,Acetaminophen
1356,Acetaminophen,I took Acetaminophen and experienced nausea and fatigue and itching. It helped but had side effects.,3,2024-12-14 04:00:00,Acetaminophen
1357,Glucophage,I took Glucophage and experienced tremor and vomiting. It helped but had side effects.,3,2025-01-08 13:00:00,Metformin
1358,Glucophage,I took Glucophage and experienced insomnia. It helped but had side effects.,2,2025-07-08 18:00:00,Metformin
1359,Acetaminophen,I took Acetaminophen and experienced constipation and dizzy and diarrhea. It helped but had side effects.,2,2024-07-14 05:00:00,Acetaminophen
1360,Glucophage,I took Glucophage and experienced stomach cramps and rash and nausea. It helped but had side effects.,4,2024-01-03 12:00:00,Metformin
1361,Advil,I took Advil and experienced tremor. It helped but had side effects.,1,2025-06-16 07:00:00,Ibuprofen
1362,Ibuprofen,I took Ibuprofen and experienced stomach cramps and constipation and fatigue. It helped but had side effects.,2,2024-09-02 03:00:00,Ibuprofen
1363,Advil,I took Advil and experienced rash and depression. It helped but had side effects.,4,2025-04-14 11:00:00,Ibuprofen
1364,Advil,I took Advil and experienced itching. It helped but had side effects.,1,2025-02-13 12:00:00,Ibuprofen
1365,Ibuprofen,I took Ibuprofen and experienced anxiety. It helped but had side effects.,2,2025-04-18 20:00:00,Ibuprofen
1366,Glucophage,I took Glucophage and experienced palpitations. It helped but had side effects.,3,2024-10-21 04:00:00,Metformin
1367,Metformin,I took Metformin and experienced blood pressure and palpitations. It helped but had side effects.,5,2024-07-29 23:00:00,Metformin
1368,Tylenol,I took Tylenol and experienced dizzy. It helped but had side effects.,5,2025-08-05 21:00:00,Acetaminophen
1369,Acetaminophen,I took Acetaminophen and experienced panic and vomiting and stomach cramps. It helped but had side effects.,3,2025-06-19 15:00:00,Acetaminophen
1370,Glucophage,I took Glucophage and experienced nausea. It helped but had side effects.,3,2025-02-27 03:00:00,Metformin
1371,Glucophage,I took Glucophage and experienced redness. It helped but had side effects.,4,2025-01-10 02:00:00,Metformin
1372,Tylenol,I took Tylenol and experienced constipation and vomiting. It helped but had side effects.,4,2025-07-17 10:00:00,Acetaminophen
1373,Ibuprofen,I took Ibuprofen and experienced itching and headache and rash. It helped but had side effects.,5,2025-04-07 08:00:00,Ibuprofen
1374,Glucophage,I took Glucophage and experienced irritable. It helped but had side effects.,3,2024-03-27 10:00:00,Metformin
1375,Tylenol,I took Tylenol and experienced stomach cramps. It helped but had side effects.,4,2024-12-28 15:00:00,Acetaminophen
1376,Metformin,I took Metformin and experienced insomnia and irritable and chest pain. It helped but had side effects.,4,2025-03-06 16:00:00,Metformin
1377,Tylenol,I took Tylenol and experienced anxiety and irritable. It helped but had side effects.,2,2025-08-16 17:00:00,Acetaminophen
1378,Tylenol,I took Tylenol and experienced blood pressure. It helped but had side effects.,1,2025-03-10 17:00:00,Acetaminophen
1379,Ibuprofen,I took Ibuprofen and experienced depression. It helped but had side effects.,2,2025-02-24 07:00:00,Ibuprofen
1380,Advil,I took Advil and experienced stomach cramps and brain fog and irritable. It helped but had side effects.,1,2024-08-21 16:00:00,Ibuprofen
1381,Tylenol,I took Tylenol and experienced stomach cramps. It helped but had side effects.,5,2024-11-13 19:00:00,Acetaminophen
1382,Ibuprofen,I took Ibuprofen and experienced vomiting. It helped but had side effects.,4,2024-02-05 15:00:00,Ibuprofen
1383,Acetaminophen,I took Acetaminophen and experienced bloating and nausea and itching. It helped but had side effects.,2,2024-07-25 15:00:00,Acetaminophen
1384,Metformin,I took Metformin and experienced bloating and headache. It helped but had side effects.,3,2025-08-19 12:00:00,Metformin
1385,Ibuprofen,I took Ibuprofen and experienced dizzy. It helped but had side effects.,4,2024-08-23 12:00:00,Ibuprofen
1386,Tylenol,I took Tylenol and experienced anxiety. It helped but had side effects.,4,2025-04-18 17:00:00,Acetaminophen
1387,Ibuprofen,I took Ibuprofen and experienced redness. It helped but had side effects.,3,2025-03-08 10:00:00,Ibuprofen
1388,Acetaminophen,I took Acetaminophen and experienced diarrhea. It helped but had side effects.,3,2024-03-01 14:00:00,Acetaminophen
1389,Advil,I took Advil and experienced depression and bloating and fatigue. It helped but had side effects.,1,2024-01-23 04:00:00,Ibuprofen
1390,Advil,I took Advil and experienced dizzy and insomnia and rash. It helped but had side effects.,4,2024-11-25 02:00:00,Ibuprofen
1391,Tylenol,I took Tylenol and experienced dizzy and insomnia and headache. It helped but had side effects.,1,2025-05-31 11:00:00,Acetaminophen
1392,Metformin,I took Metformin and experienced insomnia and itching. It helped but had side effects.,3,2025-03-08 05:00:00,Metformin
1393,Ibuprofen,I took Ibuprofen and experienced palpitations. It helped but had side effects.,2,2025-08-30 05:00:00,Ibuprofen
1394,Tylenol,I took Tylenol and experienced depression. It helped but had side effects.,4,2024-03-31 00:00:00,Acetaminophen
1395,Metformin,I took Metformin and experienced bloating and fatigue and tremor. It helped but had side effects.,4,2025-08-10 07:00:00,Metformin
1396,Glucophage,I took Glucophage and experienced chest pain. It helped but had side effects.,3,2024-06-22 14:00:00,Metformin
1397,Metformin,I took Metformin and experienced depression. It helped but had side effects.,1,2025-01-07 08:00:00,Metformin
1398,Acetaminophen,I took Acetaminophen and experienced palpitations. It helped but had side effects.,5,2024-05-19 18:00:00,Acetaminophen
1399,Glucophage,I took Glucophage and experienced palpitations and panic and fatigue. It helped but had side effects.,2,2025-08-08 23:00:00,Metformin
1400,Advil,I took Advil and experienced rash. It helped but had side effects.,4,2025-04-18 07:00:00,Ibuprofen
1401,Ibuprofen,I took Ibuprofen and experienced blood pressure. It helped but had side effects.,1,2024-06-01 18:00:00,Ibuprofen
1402,Ibuprofen,I took Ibuprofen and experienced panic. It helped but had side effects.,4,2025-05-18 03:00:00,Ibuprofen
1403,Acetaminophen,I took Acetaminophen and experienced itching. It helped but had side effects.,4,2025-08-19 01:00:00,Acetaminophen
1404,Glucophage,I took Glucophage and experienced dizzy. It helped but had side effects.,1,2025-03-25 20:00:00,Metformin
1405,Glucophage,I took Glucophage and experienced depression. It helped but had side effects.,1,2024-04-07 09:00:00,Metformin
1406,Tylenol,I took Tylenol and experienced chest pain. It helped but had side effects.,2,2025-02-18 17:00:00,Acetaminophen
1407,Ibuprofen,I took Ibuprofen and experienced constipation. It helped but had side effects.,5,2025-05-27 04:00:00,Ibuprofen
1408,Ibuprofen,I took Ibuprofen and experienced bloating. It helped but had side effects.,3,2025-04-01 06:00:00,Ibuprofen
1409,Glucophage,I took Glucophage and experienced hives. It helped but had side effects.,4,2025-02-15 20:00:00,Metformin
1410,Acetaminophen,I took Acetaminophen and experienced bloating. It helped but had side effects.,4,2025-03-30 23:00:00,Acetaminophen
1411,Advil,I took Advil and experienced palpitations. It helped but had side effects.,3,2024-04-09 00:00:00,Ibuprofen
1412,Acetaminophen,I took Acetaminophen and experienced palpitations. It helped but had side effects.,1,2024-11-28 02:00:00,Acetaminophen
1413,Glucophage,I took Glucophage and experienced bloating and depression and headache. It helped but had side effects.,2,2025-03-19 12:00:00,Metformin
1414,Tylenol,I took Tylenol and experienced hives. It helped but had side effects.,3,2024-06-07 19:00:00,Acetaminophen
1415,Tylenol,I took Tylenol and experienced anxiety. It helped but had side effects.,3,2024-12-07 01:00:00,Acetaminophen
1416,Metformin,I took Metformin and experienced fatigue and rash and chest pain. It helped but had side effects.,3,2025-07-16 20:00:00,Metformin
1417,Metformin,I took Metformin and experienced diarrhea and depression and vomiting. It helped but had side effects.,3,2025-01-25 14:00:00,Metformin
1418,Acetaminophen,I took Acetaminophen and experienced nausea and fatigue. It helped but had side effects.,4,2025-04-10 22:00:00,Acetaminophen
1419,Advil,I took Advil and experienced palpitations. It helped but had side effects.,4,2025-03-30 18:00:00,Ibuprofen
1420,Tylenol,I took Tylenol and experienced tremor. It helped but had side effects.,5,2024-09-01 11:00:00,Acetaminophen
1421,Metformin,I took Metformin and experienced brain fog. It helped but had side effects.,2,2024-03-19 17:00:00,Metformin
1422,Ibuprofen,I took Ibuprofen and experienced depression. It helped but had side effects.,1,2025-07-09 12:00:00,Ibuprofen
1423,Advil,I took Advil and experienced palpitations. It helped but had side effects.,2,2024-06-10 22:00:00,Ibuprofen
1424,Ibuprofen,I took Ibuprofen and experienced anxiety. It helped but had side effects.,5,2024-02-08 11:00:00,Ibuprofen
1425,Advil,I took Advil and experienced panic. It helped but had side effects.,5,2024-01-18 18:00:00,Ibuprofen
1426,Advil,I took Advil and experienced vomiting. It helped but had side effects.,4,2024-12-27 01:00:00,Ibuprofen
1427,Ibuprofen,I took Ibuprofen and experienced rash. It helped but had side effects.,1,2024-01-09 09:00:00,Ibuprofen
1428,Glucophage,I took Glucophage and experienced brain fog and anxiety and tremor. It helped but had side effects.,1,2024-12-20 07:00:00,Metformin
1429,Glucophage,I took Glucophage and experienced headache and rash. It helped but had side effects.,4,2025-05-24 15:00:00,Metformin
1430,Ibuprofen,I took Ibuprofen and experienced brain fog and stomach cramps. It helped but had side effects.,4,2025-02-19 17:00:00,Ibuprofen
1431,Acetaminophen,I took Acetaminophen and experienced blood pressure and chest pain. It helped but had side effects.,4,2025-05-05 16:00:00,Acetaminophen
1432,Acetaminophen,I took Acetaminophen and experienced constipation and brain fog and rash. It helped but had side effects.,1,2025-02-25 22:00:00,Acetaminophen
1433,Metformin,I took Metformin and experienced itching and redness. It helped but had side effects.,2,2025-04-13 12:00:00,Metformin
1434,Ibuprofen,I took Ibuprofen and experienced headache and redness. It helped but had side effects.,2,2024-02-14 00:00:00,Ibuprofen
1435,Metformin,I took Metformin and experienced headache. It helped but had side effects.,2,2024-12-07 04:00:00,Metformin
1436,Metformin,I took Metformin and experienced blood pressure and anxiety and irritable. It helped but had side effects.,2,2024-04-21 16:00:00,Metformin
1437,Metformin,I took Metformin and experienced itching and blood pressure. It helped but had side effects.,2,2024-07-18 06:00:00,Metformin
1438,Metformin,I took Metformin and experienced stomach cramps. It helped but had side effects.,5,2025-02-26 17:00:00,Metformin
1439,Ibuprofen,I took Ibuprofen and experienced rash and insomnia and irritable. It helped but had side effects.,3,2025-05-13 00:00:00,Ibuprofen
1440,Tylenol,I took Tylenol and experienced bloating and fatigue and anxiety. It helped but had side effects.,1,2024-12-02 00:00:00,Acetaminophen
1441,Advil,I took Advil and experienced constipation. It helped but had side effects.,2,2025-06-04 01:00:00,Ibuprofen
1442,Ibuprofen,I took Ibuprofen and experienced headache and panic. It helped but had side effects.,2,2025-05-04 14:00:00,Ibuprofen
1443,Tylenol,I took Tylenol and experienced palpitations. It helped but had side effects.,5,2024-11-08 17:00:00,Acetaminophen
1444,Metformin,I took Metformin and experienced panic. It helped but had side effects.,3,2024-12-12 14:00:00,Metformin
1445,Advil,I took Advil and experienced depression. It helped but had side effects.,5,2024-11-12 21:00:00,Ibuprofen
1446,Tylenol,I took Tylenol and experienced diarrhea and palpitations. It helped but had side effects.,3,2024-12-08 01:00:00,Acetaminophen
1447,Tylenol,I took Tylenol and experienced anxiety. It helped but had side effects.,2,2025-09-11 21:00:00,Acetaminophen
1448,Metformin,I took Metformin and experienced chest pain and diarrhea. It helped but had side effects.,4,2025-03-15 19:00:00,Metformin
1449,Glucophage,I took Glucophage and experienced bloating. It helped but had side effects.,1,2024-12-22 20:00:00,Metformin
1450,Glucophage,I took Glucophage and experienced constipation. It helped but had side effects.,1,2024-03-31 18:00:00,Metformin
1451,Advil,I took Advil and experienced brain fog and chest pain and fatigue. It helped but had side effects.,3,2025-01-06 22:00:00,Ibuprofen
1452,Tylenol,I took Tylenol and experienced nausea. It helped but had side effects.,2,2024-07-07 18:00:00,Acetaminophen
1453,Ibuprofen,I took Ibuprofen and experienced diarrhea. It helped but had side effects.,2,2024-09-05 03:00:00,Ibuprofen
1454,Advil,I took Advil and experienced stomach cramps. It helped but had side effects.,3,2025-05-17 11:00:00,Ibuprofen
1455,Tylenol,I took Tylenol and experienced constipation and depression and panic. It helped but had side effects.,1,2024-08-03 18:00:00,Acetaminophen
1456,Metformin,I took Metformin and experienced hives. It helped but had side effects.,3,2025-03-17 15:00:00,Metformin
1457,Ibuprofen,I took Ibuprofen and experienced stomach cramps and brain fog. It helped but had side effects.,2,2024-10-03 02:00:00,Ibuprofen
1458,Metformin,I took Metformin and experienced itching and depression and constipation. It helped but had side effects.,2,2024-07-05 11:00:00,Metformin
1459,Glucophage,I took Glucophage and experienced vomiting. It helped but had side effects.,1,2024-03-10 05:00:00,Metformin
1460,Glucophage,I took Glucophage and experienced itching and stomach cramps and rash. It helped but had side effects.,2,2025-04-09 09:00:00,Metformin
1461,Glucophage,I took Glucophage and experienced panic and itching and nausea. It helped but had side effects.,4,2024-08-15 13:00:00,Metformin
1462,Acetaminophen,I took Acetaminophen and experienced chest pain. It helped but had side effects.,2,2024-11-18 12:00:00,Acetaminophen
1463,Metformin,I took Metformin and experienced insomnia and fatigue. It helped but had side effects.,4,2024-03-19 02:00:00,Metformin
1464,Acetaminophen,I took Acetaminophen and experienced panic and constipation. It helped but had side effects.,2,2024-10-03 08:00:00,Acetaminophen
1465,Tylenol,I took Tylenol and experienced stomach cramps and headache and chest pain. It helped but had side effects.,1,2024-05-29 10:00:00,Acetaminophen
1466,Acetaminophen,I took Acetaminophen and experienced irritable. It helped but had side effects.,5,2024-07-11 23:00:00,Acetaminophen
1467,Metformin,I took Metformin and experienced constipation and chest pain. It helped but had side effects.,2,2024-09-05 14:00:00,Metformin
1468,Ibuprofen,I took Ibuprofen and experienced redness and vomiting and tremor. It helped but had side effects.,1,2024-11-22 17:00:00,Ibuprofen
1469,Ibuprofen,I took Ibuprofen and experienced panic and tremor. It helped but had side effects.,4,2024-04-23 09:00:00,Ibuprofen
1470,Ibuprofen,I took Ibuprofen and experienced blood pressure and fatigue and diarrhea. It helped but had side effects.,1,2024-09-14 00:00:00,Ibuprofen
1471,Ibuprofen,I took Ibuprofen and experienced vomiting and nausea. It helped but had side effects.,2,2025-03-12 11:00:00,Ibuprofen
1472,Advil,I took Advil and experienced panic. It helped but had side effects.,5,2024-11-23 19:00:00,Ibuprofen
1473,Tylenol,I took Tylenol and experienced constipation. It helped but had side effects.,3,2024-08-17 19:00:00,Acetaminophen
1474,Ibuprofen,I took Ibuprofen and experienced irritable and nausea. It helped but had side effects.,3,2024-11-04 08:00:00,Ibuprofen
1475,Metformin,I took Metformin and experienced fatigue and irritable and diarrhea. It helped but had side effects.,4,2025-04-29 14:00:00,Metformin
1476,Advil,I took Advil and experienced itching and vomiting. It helped but had side effects.,3,2024-06-01 12:00:00,Ibuprofen
1477,Metformin,I took Metformin and experienced blood pressure and headache and vomiting. It helped but had side effects.,3,2024-09-03 16:00:00,Metformin
1478,Ibuprofen,I took Ibuprofen and experienced rash. It helped but had side effects.,5,2025-05-18 05:00:00,Ibuprofen
1479,Acetaminophen,I took Acetaminophen and experienced irritable and anxiety. It helped but had side effects.,4,2024-02-23 23:00:00,Acetaminophen
1480,Advil,I took Advil and experienced diarrhea and irritable. It helped but had side effects.,5,2024-05-12 12:00:00,Ibuprofen
1481,Acetaminophen,I took Acetaminophen and experienced stomach cramps. It helped but had side effects.,5,2024-12-02 04:00:00,Acetaminophen
1482,Metformin,I took Metformin and experienced brain fog. It helped but had side effects.,3,2024-01-15 07:00:00,Metformin
1483,Acetaminophen,I took Acetaminophen and experienced itching. It helped but had side effects.,1,2024-05-19 10:00:00,Acetaminophen
1484,Glucophage,I took Glucophage and experienced palpitations. It helped but had side effects.,4,2025-07-28 02:00:00,Metformin
1485,Tylenol,I took Tylenol and experienced chest pain. It helped but had side effects.,5,2024-06-09 00:00:00,Acetaminophen
1486,Acetaminophen,I took Acetaminophen and experienced panic. It helped but had side effects.,2,2025-07-29 04:00:00,Acetaminophen
1487,Glucophage,I took Glucophage and experienced tremor and redness. It helped but had side effects.,1,2024-02-17 15:00:00,Metformin
1488,Advil,I took Advil and experienced bloating. It helped but had side effects.,4,2025-04-21 01:00:00,Ibuprofen
1489,Ibuprofen,I took Ibuprofen and experienced bloating and hives. It helped but had side effects.,1,2024-05-14 16:00:00,Ibuprofen
1490,Acetaminophen,I took Acetaminophen and experienced bloating and hives. It helped but had side effects.,2,2024-09-01 04:00:00,Acetaminophen
1491,Acetaminophen,I took Acetaminophen and experienced dizzy and nausea and insomnia. It helped but had side effects.,4,2024-10-15 18:00:00,Acetaminophen
1492,Tylenol,I took Tylenol and experienced diarrhea. It helped but had side effects.,4,2024-12-31 06:00:00,Acetaminophen
1493,Acetaminophen,I took Acetaminophen and experienced bloating and chest pain. It helped but had side effects.,5,2025-05-01 00:00:00,Acetaminophen
1494,Glucophage,I took Glucophage and experienced panic. It helped but had side effects.,1,2025-08-30 01:00:00,Metformin
1495,Acetaminophen,I took Acetaminophen and experienced insomnia and constipation and hives. It helped but had side effects.,1,2025-04-12 05:00:00,Acetaminophen
1496,Acetaminophen,I took Acetaminophen and experienced dizzy and bloating. It helped but had side effects.,2,2024-11-29 19:00:00,Acetaminophen
1497,Glucophage,I took Glucophage and experienced headache and palpitations and hives. It helped but had side effects.,3,2024-09-01 21:00:00,Metformin
1498,Acetaminophen,I took Acetaminophen and experienced panic. It helped but had side effects.,5,2024-07-09 20:00:00,Acetaminophen
1499,Ibuprofen,I took Ibuprofen and experienced diarrhea. It helped but had side effects.,4,2024-03-26 09:00:00,Ibuprofen
1500,Acetaminophen,I took Acetaminophen and experienced insomnia. It helped but had side effects.,4,2024-04-25 04:00:00,Acetaminophen
1501,Acetaminophen,I took Acetaminophen and experienced diarrhea. It helped but had side effects.,5,2024-10-08 04:00:00,Acetaminophen
1502,Glucophage,I took Glucophage and experienced diarrhea and tremor. It helped but had side effects.,1,2024-04-03 23:00:00,Metformin
1503,Acetaminophen,I took Acetaminophen and experienced anxiety and brain fog and fatigue. It helped but had side effects.,2,2025-06-05 04:00:00,Acetaminophen
1504,Advil,I took Advil and experienced depression. It helped but had side effects.,5,2024-03-21 07:00:00,Ibuprofen
1505,Tylenol,I took Tylenol and experienced hives. It helped but had side effects.,4,2024-08-20 19:00:00,Acetaminophen
1506,Ibuprofen,I took Ibuprofen and experienced brain fog and stomach cramps and nausea. It helped but had side effects.,1,2024-04-11 12:00:00,Ibuprofen
1507,Advil,I took Advil and experienced tremor. It helped but had side effects.,2,2024-09-11 05:00:00,Ibuprofen
1508,Tylenol,I took Tylenol and experienced fatigue and irritable and constipation. It helped but had side effects.,3,2024-10-05 19:00:00,Acetaminophen
1509,Acetaminophen,I took Acetaminophen and experienced palpitations and headache and tremor. It helped but had side effects.,2,2025-01-29 20:00:00,Acetaminophen
1510,Advil,I took Advil and experienced redness. It helped but had side effects.,5,2025-08-02 13:00:00,Ibuprofen
1511,Metformin,I took Metformin and experienced stomach cramps and irritable and blood pressure. It helped but had side effects.,2,2024-09-25 06:00:00,Metformin
1512,Glucophage,I took Glucophage and experienced anxiety and headache and diarrhea. It helped but had side effects.,3,2025-08-20 10:00:00,Metformin
1513,Tylenol,I took Tylenol and experienced insomnia and itching and tremor. It helped but had side effects.,4,2024-09-05 09:00:00,Acetaminophen
1514,Glucophage,I took Glucophage and experienced bloating and irritable and itching. It helped but had side effects.,4,2025-07-08 07:00:00,Metformin
1515,Advil,I took Advil and experienced chest pain. It helped but had side effects.,5,2024-03-16 04:00:00,Ibuprofen
1516,Glucophage,I took Glucophage and experienced headache and palpitations and dizzy. It helped but had side effects.,4,2024-08-25 19:00:00,Metformin
1517,Glucophage,I took Glucophage and experienced blood pressure and anxiety. It helped but had side effects.,5,2024-09-13 03:00:00,Metformin
1518,Ibuprofen,I took Ibuprofen and experienced brain fog. It helped but had side effects.,5,2024-10-16 22:00:00,Ibuprofen
1519,Ibuprofen,I took Ibuprofen and experienced tremor. It helped but had side effects.,4,2025-04-24 20:00:00,Ibuprofen
1520,Metformin,I took Metformin and experienced constipation. It helped but had side effects.,1,2024-08-04 13:00:00,Metformin
1521,Ibuprofen,I took Ibuprofen and experienced diarrhea and irritable. It helped but had side effects.,1,2025-01-22 04:00:00,Ibuprofen
1522,Ibuprofen,I took Ibuprofen and experienced itching and insomnia and diarrhea. It helped but had side effects.,5,2024-10-28 15:00:00,Ibuprofen
1523,Acetaminophen,I took Acetaminophen and experienced redness. It helped but had side effects.,2,2025-01-13 21:00:00,Acetaminophen
1524,Advil,I took Advil and experienced bloating. It helped but had side effects.,3,2025-06-05 16:00:00,Ibuprofen
1525,Ibuprofen,I took Ibuprofen and experienced vomiting. It helped but had side effects.,4,2025-07-17 23:00:00,Ibuprofen
1526,Tylenol,I took Tylenol and experienced dizzy and headache. It helped but had side effects.,1,2024-02-15 05:00:00,Acetaminophen
1527,Tylenol,I took Tylenol and experienced bloating. It helped but had side effects.,5,2024-01-14 13:00:00,Acetaminophen
1528,Acetaminophen,I took Acetaminophen and experienced fatigue and nausea and blood pressure. It helped but had side effects.,3,2024-07-04 02:00:00,Acetaminophen
1529,Tylenol,I took Tylenol and experienced palpitations and hives and blood pressure. It helped but had side effects.,5,2024-05-10 01:00:00,Acetaminophen
1530,Glucophage,I took Glucophage and experienced stomach cramps and rash. It helped but had side effects.,1,2025-03-13 03:00:00,Metformin
1531,Tylenol,I took Tylenol and experienced chest pain. It helped but had side effects.,2,2024-02-17 01:00:00,Acetaminophen
1532,Ibuprofen,I took Ibuprofen and experienced anxiety and irritable. It helped but had side effects.,1,2024-11-01 18:00:00,Ibuprofen
1533,Acetaminophen,I took Acetaminophen and experienced chest pain. It helped but had side effects.,2,2024-05-27 19:00:00,Acetaminophen
1534,Acetaminophen,I took Acetaminophen and experienced brain fog. It helped but had side effects.,1,2024-09-24 08:00:00,Acetaminophen
1535,Acetaminophen,I took Acetaminophen and experienced rash and blood pressure and diarrhea. It helped but had side effects.,3,2024-11-17 19:00:00,Acetaminophen
1536,Acetaminophen,I took Acetaminophen and experienced chest pain. It helped but had side effects.,4,2024-01-05 02:00:00,Acetaminophen
1537,Tylenol,I took Tylenol and experienced palpitations. It helped but had side effects.,5,2025-07-01 14:00:00,Acetaminophen
1538,Ibuprofen,I took Ibuprofen and experienced palpitations and chest pain and constipation. It helped but had side effects.,1,2025-05-05 23:00:00,Ibuprofen
1539,Acetaminophen,I took Acetaminophen and experienced rash and chest pain and constipation. It helped but had side effects.,2,2024-06-27 02:00:00,Acetaminophen
1540,Ibuprofen,I took Ibuprofen and experienced nausea and itching. It helped but had side effects.,5,2024-05-22 00:00:00,Ibuprofen
1541,Glucophage,I took Glucophage and experienced blood pressure. It helped but had side effects.,5,2025-06-19 13:00:00,Metformin
1542,Glucophage,I took Glucophage and experienced tremor. It helped but had side effects.,4,2025-08-23 04:00:00,Metformin
1543,Acetaminophen,I took Acetaminophen and experienced panic and redness. It helped but had side effects.,4,2024-03-06 20:00:00,Acetaminophen
1544,Acetaminophen,I took Acetaminophen and experienced redness. It helped but had side effects.,1,2025-01-14 14:00:00,Acetaminophen
1545,Metformin,I took Metformin and experienced headache. It helped but had side effects.,5,2024-03-14 07:00:00,Metformin
1546,Tylenol,I took Tylenol and experienced anxiety and chest pain. It helped but had side effects.,2,2024-05-17 21:00:00,Acetaminophen
1547,Ibuprofen,I took Ibuprofen and experienced panic and tremor and vomiting. It helped but had side effects.,1,2025-06-21 23:00:00,Ibuprofen
1548,Ibuprofen,I took Ibuprofen and experienced brain fog. It helped but had side effects.,4,2024-12-05 23:00:00,Ibuprofen
1549,Tylenol,I took Tylenol and experienced bloating. It helped but had side effects.,1,2025-09-05 20:00:00,Acetaminophen
1550,Ibuprofen,I took Ibuprofen and experienced rash and blood pressure and redness. It helped but had side effects.,3,2025-03-26 21:00:00,Ibuprofen
1551,Advil,I took Advil and experienced constipation. It helped but had side effects.,1,2025-07-04 17:00:00,Ibuprofen
1552,Advil,I took Advil and experienced irritable and panic. It helped but had side effects.,5,2024-12-07 05:00:00,Ibuprofen
1553,Glucophage,I took Glucophage and experienced anxiety and irritable. It helped but had side effects.,4,2025-01-03 22:00:00,Metformin
1554,Advil,I took Advil and experienced palpitations and vomiting. It helped but had side effects.,5,2024-04-01 06:00:00,Ibuprofen
1555,Acetaminophen,I took Acetaminophen and experienced redness and hives and nausea. It helped but had side effects.,5,2024-02-07 10:00:00,Acetaminophen
1556,Ibuprofen,I took Ibuprofen and experienced constipation and panic and insomnia. It helped but had side effects.,3,2024-02-07 02:00:00,Ibuprofen
1557,Acetaminophen,I took Acetaminophen and experienced brain fog and blood pressure and hives. It helped but had side effects.,3,2024-11-05 20:00:00,Acetaminophen
1558,Glucophage,I took Glucophage and experienced hives. It helped but had side effects.,3,2025-04-27 13:00:00,Metformin
1559,Ibuprofen,I took Ibuprofen and experienced palpitations. It helped but had side effects.,5,2024-08-10 11:00:00,Ibuprofen
1560,Glucophage,I took Glucophage and experienced dizzy. It helped but had side effects.,1,2025-06-29 06:00:00,Metformin
1561,Advil,I took Advil and experienced dizzy and fatigue. It helped but had side effects.,1,2025-09-03 22:00:00,Ibuprofen
1562,Metformin,I took Metformin and experienced blood pressure. It helped but had side effects.,1,2025-05-31 07:00:00,Metformin
1563,Acetaminophen,I took Acetaminophen and experienced rash. It helped but had side effects.,4,2024-12-14 22:00:00,Acetaminophen
1564,Tylenol,I took Tylenol and experienced rash. It helped but had side effects.,4,2024-07-30 05:00:00,Acetaminophen
1565,Advil,I took Advil and experienced blood pressure. It helped but had side effects.,3,2025-01-04 14:00:00,Ibuprofen
1566,Acetaminophen,I took Acetaminophen and experienced headache. It helped but had side effects.,2,2024-09-26 13:00:00,Acetaminophen
1567,Tylenol,I took Tylenol and experienced stomach cramps. It helped but had side effects.,3,2024-07-19 16:00:00,Acetaminophen
1568,Acetaminophen,I took Acetaminophen and experienced vomiting. It helped but had side effects.,1,2024-01-13 00:00:00,Acetaminophen
1569,Tylenol,I took Tylenol and experienced brain fog. It helped but had side effects.,5,2024-03-16 16:00:00,Acetaminophen
1570,Ibuprofen,I took Ibuprofen and experienced chest pain and nausea. It helped but had side effects.,4,2024-04-20 15:00:00,Ibuprofen
1571,Advil,I took Advil and experienced palpitations. It helped but had side effects.,2,2024-04-29 14:00:00,Ibuprofen
1572,Ibuprofen,I took Ibuprofen and experienced brain fog. It helped but had side effects.,5,2024-04-08 02:00:00,Ibuprofen
1573,Acetaminophen,I took Acetaminophen and experienced nausea. It helped but had side effects.,2,2025-04-03 01:00:00,Acetaminophen
1574,Glucophage,I took Glucophage and experienced rash and nausea and chest pain. It helped but had side effects.,5,2024-10-11 10:00:00,Metformin
1575,Metformin,I took Metformin and experienced headache and irritable and panic. It helped but had side effects.,3,2024-12-17 03:00:00,Metformin
1576,Ibuprofen,I took Ibuprofen and experienced vomiting and panic and bloating. It helped but had side effects.,3,2025-09-03 05:00:00,Ibuprofen
1577,Advil,I took Advil and experienced diarrhea. It helped but had side effects.,1,2024-11-17 15:00:00,Ibuprofen
1578,Glucophage,I took Glucophage and experienced anxiety and chest pain. It helped but had side effects.,1,2025-01-14 11:00:00,Metformin
1579,Acetaminophen,I took Acetaminophen and experienced panic. It helped but had side effects.,2,2025-02-20 00:00:00,Acetaminophen
1580,Tylenol,I took Tylenol and experienced stomach cramps and hives and redness. It helped but had side effects.,2,2024-02-03 22:00:00,Acetaminophen
1581,Acetaminophen,I took Acetaminophen and experienced insomnia and brain fog and vomiting. It helped but had side effects.,1,2024-03-17 16:00:00,Acetaminophen
1582,Advil,I took Advil and experienced itching and fatigue. It helped but had side effects.,5,2024-08-12 00:00:00,Ibuprofen
1583,Glucophage,I took Glucophage and experienced constipation and hives and chest pain. It helped but had side effects.,4,2024-11-05 14:00:00,Metformin
1584,Glucophage,I took Glucophage and experienced palpitations and brain fog. It helped but had side effects.,3,2025-07-28 07:00:00,Metformin
1585,Ibuprofen,I took Ibuprofen and experienced palpitations. It helped but had side effects.,2,2024-07-09 17:00:00,Ibuprofen
1586,Tylenol,I took Tylenol and experienced constipation and palpitations and dizzy. It helped but had side effects.,3,2024-06-22 23:00:00,Acetaminophen
1587,Acetaminophen,I took Acetaminophen and experienced blood pressure and fatigue. It helped but had side effects.,1,2025-03-08 00:00:00,Acetaminophen
1588,Metformin,I took Metformin and experienced constipation. It helped but had side effects.,2,2024-11-17 08:00:00,Metformin
1589,Glucophage,I took Glucophage and experienced insomnia. It helped but had side effects.,5,2024-11-06 05:00:00,Metformin
1590,Tylenol,I took Tylenol and experienced blood pressure and stomach cramps and hives. It helped but had side effects.,4,2024-09-22 11:00:00,Acetaminophen
1591,Tylenol,I took Tylenol and experienced stomach cramps and irritable and chest pain. It helped but had side effects.,1,2024-05-05 14:00:00,Acetaminophen
1592,Ibuprofen,I took Ibuprofen and experienced redness. It helped but had side effects.,3,2024-04-21 01:00:00,Ibuprofen
1593,Advil,I took Advil and experienced stomach cramps. It helped but had side effects.,3,2025-04-12 18:00:00,Ibuprofen
1594,Metformin,I took Metformin and experienced tremor and hives and chest pain. It helped but had side effects.,4,2024-11-15 08:00:00,Metformin
1595,Glucophage,I took Glucophage and experienced redness and fatigue. It helped but had side effects.,4,2025-02-03 06:00:00,Metformin
1596,Advil,I took Advil and experienced depression and nausea and dizzy. It helped but had side effects.,5,2025-06-20 00:00:00,Ibuprofen
1597,Advil,I took Advil and experienced hives and fatigue and tremor. It helped but had side effects.,3,2025-02-28 19:00:00,Ibuprofen
1598,Metformin,I took Metformin and experienced headache. It helped but had side effects.,3,2024-09-06 07:00:00,Metformin
1599,Tylenol,I took Tylenol and experienced nausea and itching and headache. It helped but had side effects.,3,2024-04-07 09:00:00,Acetaminophen
1600,Ibuprofen,I took Ibuprofen and experienced chest pain and anxiety. It helped but had side effects.,1,2024-08-12 19:00:00,Ibuprofen
1601,Tylenol,I took Tylenol and experienced insomnia. It helped but had side effects.,5,2025-04-03 11:00:00,Acetaminophen
1602,Acetaminophen,I took Acetaminophen and experienced stomach cramps. It helped but had side effects.,1,2025-02-09 05:00:00,Acetaminophen
1603,Advil,I took Advil and experienced chest pain. It helped but had side effects.,4,2025-07-27 22:00:00,Ibuprofen
1604,Tylenol,I took Tylenol and experienced diarrhea. It helped but had side effects.,3,2024-02-29 14:00:00,Acetaminophen
1605,Advil,I took Advil and experienced irritable. It helped but had side effects.,3,2024-02-13 03:00:00,Ibuprofen
1606,Metformin,I took Metformin and experienced vomiting. It helped but had side effects.,1,2024-06-13 13:00:00,Metformin
1607,Metformin,I took Metformin and experienced depression. It helped but had side effects.,5,2024-05-27 13:00:00,Metformin
1608,Metformin,I took Metformin and experienced headache and stomach cramps and tremor. It helped but had side effects.,5,2024-09-11 12:00:00,Metformin
1609,Metformin,I took Metformin and experienced redness and stomach cramps and anxiety. It helped but had side effects.,2,2024-08-18 14:00:00,Metformin
1610,Tylenol,I took Tylenol and experienced hives and irritable. It helped but had side effects.,4,2024-01-17 02:00:00,Acetaminophen
1611,Ibuprofen,I took Ibuprofen and experienced depression and fatigue and blood pressure. It helped but had side effects.,2,2024-06-16 22:00:00,Ibuprofen
1612,Tylenol,I took Tylenol and experienced itching. It helped but had side effects.,1,2025-08-13 09:00:00,Acetaminophen
1613,Tylenol,I took Tylenol and experienced palpitations. It helped but had side effects.,5,2025-03-17 07:00:00,Acetaminophen
1614,Glucophage,I took Glucophage and experienced chest pain and fatigue and stomach cramps. It helped but had side effects.,1,2024-01-06 22:00:00,Metformin
1615,Ibuprofen,I took Ibuprofen and experienced dizzy and brain fog. It helped but had side effects.,5,2025-02-14 00:00:00,Ibuprofen
1616,Tylenol,I took Tylenol and experienced panic. It helped but had side effects.,2,2025-02-06 11:00:00,Acetaminophen
1617,Glucophage,I took Glucophage and experienced constipation. It helped but had side effects.,1,2024-05-15 01:00:00,Metformin
1618,Acetaminophen,I took Acetaminophen and experienced vomiting and constipation and redness. It helped but had side effects.,5,2024-11-10 05:00:00,Acetaminophen
1619,Tylenol,I took Tylenol and experienced diarrhea. It helped but had side effects.,3,2025-04-13 17:00:00,Acetaminophen
1620,Glucophage,I took Glucophage and experienced diarrhea and vomiting and depression. It helped but had side effects.,5,2024-03-23 01:00:00,Metformin
1621,Glucophage,I took Glucophage and experienced chest pain. It helped but had side effects.,3,2024-02-10 04:00:00,Metformin
1622,Glucophage,I took Glucophage and experienced fatigue and tremor and dizzy. It helped but had side effects.,1,2025-03-30 13:00:00,Metformin
1623,Ibuprofen,I took Ibuprofen and experienced brain fog and tremor and vomiting. It helped but had side effects.,5,2025-04-12 21:00:00,Ibuprofen
1624,Tylenol,I took Tylenol and experienced rash and fatigue. It helped but had side effects.,5,2025-02-25 08:00:00,Acetaminophen
1625,Tylenol,I took Tylenol and experienced headache and insomnia. It helped but had side effects.,2,2024-08-31 00:00:00,Acetaminophen
1626,Advil,I took Advil and experienced vomiting and depression and headache. It helped but had side effects.,3,2025-08-07 10:00:00,Ibuprofen
1627,Acetaminophen,I took Acetaminophen and experienced insomnia. It helped but had side effects.,4,2024-06-02 11:00:00,Acetaminophen
1628,Ibuprofen,I took Ibuprofen and experienced blood pressure and tremor. It helped but had side effects.,3,2025-07-31 20:00:00,Ibuprofen
1629,Acetaminophen,I took Acetaminophen and experienced itching and chest pain and insomnia. It helped but had side effects.,4,2024-06-29 05:00:00,Acetaminophen
1630,Glucophage,I took Glucophage and experienced nausea. It helped but had side effects.,1,2025-09-10 02:00:00,Metformin
1631,Advil,I took Advil and experienced blood pressure and irritable and brain fog. It helped but had side effects.,5,2025-05-12 12:00:00,Ibuprofen
1632,Metformin,I took Metformin and experienced nausea and irritable. It helped but had side effects.,2,2025-06-19 07:00:00,Metformin
1633,Metformin,I took Metformin and experienced chest pain. It helped but had side effects.,3,2024-12-06 15:00:00,Metformin
1634,Glucophage,I took Glucophage and experienced stomach cramps. It helped but had side effects.,5,2024-10-31 15:00:00,Metformin
1635,Glucophage,I took Glucophage and experienced tremor. It helped but had side effects.,4,2024-04-18 20:00:00,Metformin
1636,Metformin,I took Metformin and experienced stomach cramps and irritable and fatigue. It helped but had side effects.,3,2024-07-29 15:00:00,Metformin
1637,Glucophage,I took Glucophage and experienced blood pressure. It helped but had side effects.,5,2024-12-25 16:00:00,Metformin
1638,Glucophage,I took Glucophage and experienced headache. It helped but had side effects.,1,2025-01-10 19:00:00,Metformin
1639,Advil,I took Advil and experienced nausea and diarrhea. It helped but had side effects.,1,2024-04-06 17:00:00,Ibuprofen
1640,Glucophage,I took Glucophage and experienced anxiety and headache. It helped but had side effects.,5,2024-01-21 17:00:00,Metformin
1641,Advil,I took Advil and experienced tremor. It helped but had side effects.,1,2025-06-14 08:00:00,Ibuprofen
1642,Ibuprofen,I took Ibuprofen and experienced nausea. It helped but had side effects.,4,2024-03-25 10:00:00,Ibuprofen
1643,Metformin,I took Metformin and experienced hives. It helped but had side effects.,5,2025-04-24 20:00:00,Metformin
1644,Glucophage,I took Glucophage and experienced bloating and dizzy and headache. It helped but had side effects.,2,2025-01-30 11:00:00,Metformin
1645,Metformin,I took Metformin and experienced dizzy. It helped but had side effects.,4,2024-06-14 13:00:00,Metformin
1646,Metformin,I took Metformin and experienced brain fog. It helped but had side effects.,1,2025-06-01 15:00:00,Metformin
1647,Advil,I took Advil and experienced rash. It helped but had side effects.,2,2025-06-22 17:00:00,Ibuprofen
1648,Glucophage,I took Glucophage and experienced rash. It helped but had side effects.,2,2025-03-28 18:00:00,Metformin
1649,Advil,I took Advil and experienced bloating and rash. It helped but had side effects.,1,2024-11-11 16:00:00,Ibuprofen
1650,Tylenol,I took Tylenol and experienced insomnia. It helped but had side effects.,1,2024-09-10 02:00:00,Acetaminophen
1651,Acetaminophen,I took Acetaminophen and experienced rash and blood pressure. It helped but had side effects.,1,2025-07-10 11:00:00,Acetaminophen
1652,Tylenol,I took Tylenol and experienced bloating. It helped but had side effects.,3,2025-02-14 15:00:00,Acetaminophen
1653,Glucophage,I took Glucophage and experienced anxiety. It helped but had side effects.,5,2024-09-04 08:00:00,Metformin
1654,Metformin,I took Metformin and experienced palpitations and stomach cramps and vomiting. It helped but had side effects.,1,2024-07-20 05:00:00,Metformin
1655,Metformin,I took Metformin and experienced blood pressure and fatigue. It helped but had side effects.,2,2024-01-06 23:00:00,Metformin
1656,Advil,I took Advil and experienced fatigue. It helped but had side effects.,2,2024-05-31 21:00:00,Ibuprofen
1657,Advil,I took Advil and experienced diarrhea and insomnia. It helped but had side effects.,5,2024-09-28 15:00:00,Ibuprofen
1658,Metformin,I took Metformin and experienced irritable. It helped but had side effects.,5,2025-07-29 06:00:00,Metformin
1659,Advil,I took Advil and experienced redness. It helped but had side effects.,2,2025-09-09 18:00:00,Ibuprofen
1660,Glucophage,I took Glucophage and experienced stomach cramps. It helped but had side effects.,3,2024-03-11 19:00:00,Metformin
1661,Ibuprofen,I took Ibuprofen and experienced redness. It helped but had side effects.,1,2024-07-02 10:00:00,Ibuprofen
1662,Glucophage,I took Glucophage and experienced nausea. It helped but had side effects.,4,2025-09-01 12:00:00,Metformin
1663,Tylenol,I took Tylenol and experienced brain fog and fatigue and redness. It helped but had side effects.,1,2025-08-28 16:00:00,Acetaminophen
1664,Metformin,I took Metformin and experienced nausea and chest pain. It helped but had side effects.,5,2024-09-20 14:00:00,Metformin
1665,Metformin,I took Metformin and experienced blood pressure. It helped but had side effects.,5,2025-02-01 18:00:00,Metformin
1666,Metformin,I took Metformin and experienced headache. It helped but had side effects.,1,2024-04-15 12:00:00,Metformin
1667,Metformin,I took Metformin and experienced headache and palpitations and chest pain. It helped but had side effects.,5,2024-02-13 02:00:00,Metformin
1668,Acetaminophen,I took Acetaminophen and experienced hives and palpitations and nausea. It helped but had side effects.,5,2024-06-09 06:00:00,Acetaminophen
1669,Advil,I took Advil and experienced tremor and insomnia. It helped but had side effects.,1,2024-08-19 13:00:00,Ibuprofen
1670,Ibuprofen,I took Ibuprofen and experienced depression and brain fog. It helped but had side effects.,2,2024-01-22 01:00:00,Ibuprofen
1671,Metformin,I took Metformin and experienced hives. It helped but had side effects.,5,2024-05-02 14:00:00,Metformin
1672,Metformin,I took Metformin and experienced stomach cramps. It helped but had side effects.,5,2025-04-17 08:00:00,Metformin
1673,Advil,I took Advil and experienced stomach cramps. It helped but had side effects.,3,2025-05-14 09:00:00,Ibuprofen
1674,Advil,I took Advil and experienced irritable and diarrhea. It helped but had side effects.,2,2025-04-02 23:00:00,Ibuprofen
1675,Metformin,I took Metformin and experienced dizzy and brain fog and nausea. It helped but had side effects.,1,2024-12-03 07:00:00,Metformin
1676,Glucophage,I took Glucophage and experienced fatigue. It helped but had side effects.,3,2024-03-04 05:00:00,Metformin
1677,Tylenol,I took Tylenol and experienced dizzy and brain fog and nausea. It helped but had side effects.,2,2024-10-12 16:00:00,Acetaminophen
1678,Acetaminophen,I took Acetaminophen and experienced diarrhea. It helped but had side effects.,3,2024-10-01 16:00:00,Acetaminophen
1679,Metformin,I took Metformin and experienced dizzy and headache and bloating. It helped but had side effects.,4,2024-03-12 03:00:00,Metformin
1680,Ibuprofen,I took Ibuprofen and experienced headache and constipation and fatigue. It helped but had side effects.,5,2025-08-20 13:00:00,Ibuprofen
1681,Tylenol,I took Tylenol and experienced vomiting. It helped but had side effects.,3,2025-06-25 09:00:00,Acetaminophen
1682,Tylenol,I took Tylenol and experienced itching. It helped but had side effects.,4,2024-09-14 00:00:00,Acetaminophen
1683,Acetaminophen,I took Acetaminophen and experienced panic. It helped but had side effects.,3,2024-06-04 12:00:00,Acetaminophen
1684,Acetaminophen,I took Acetaminophen and experienced headache. It helped but had side effects.,5,2025-03-27 09:00:00,Acetaminophen
1685,Advil,I took Advil and experienced depression and vomiting and nausea. It helped but had side effects.,4,2025-02-05 04:00:00,Ibuprofen
1686,Metformin,I took Metformin and experienced diarrhea and brain fog and blood pressure. It helped but had side effects.,1,2025-05-11 09:00:00,Metformin
1687,Metformin,I took Metformin and experienced stomach cramps. It helped but had side effects.,1,2024-02-17 01:00:00,Metformin
1688,Advil,I took Advil and experienced tremor and itching. It helped but had side effects.,4,2025-04-27 22:00:00,Ibuprofen
1689,Advil,I took Advil and experienced hives and bloating and panic. It helped but had side effects.,3,2024-02-18 09:00:00,Ibuprofen
1690,Glucophage,I took Glucophage and experienced insomnia. It helped but had side effects.,1,2024-06-03 07:00:00,Metformin
1691,Tylenol,I took Tylenol and experienced tremor. It helped but had side effects.,2,2024-10-11 23:00:00,Acetaminophen
1692,Advil,I took Advil and experienced irritable. It helped but had side effects.,3,2024-05-01 02:00:00,Ibuprofen
1693,Ibuprofen,I took Ibuprofen and experienced insomnia and fatigue. It helped but had side effects.,5,2024-03-30 15:00:00,Ibuprofen
1694,Tylenol,I took Tylenol and experienced brain fog and depression. It helped but had side effects.,4,2024-11-18 22:00:00,Acetaminophen
1695,Glucophage,I took Glucophage and experienced brain fog and rash. It helped but had side effects.,1,2025-03-01 01:00:00,Metformin
1696,Advil,I took Advil and experienced headache. It helped but had side effects.,5,2025-03-05 21:00:00,Ibuprofen
1697,Advil,I took Advil and experienced diarrhea. It helped but had side effects.,3,2025-08-26 21:00:00,Ibuprofen
1698,Ibuprofen,I took Ibuprofen and experienced irritable. It helped but had side effects.,5,2024-06-30 03:00:00,Ibuprofen
1699,Advil,I took Advil and experienced rash. It helped but had side effects.,2,2025-04-03 14:00:00,Ibuprofen
1700,Tylenol,I took Tylenol and experienced fatigue. It helped but had side effects.,5,2024-10-23 04:00:00,Acetaminophen
1701,Ibuprofen,I took Ibuprofen and experienced hives. It helped but had side effects.,1,2024-05-08 09:00:00,Ibuprofen
1702,Advil,I took Advil and experienced bloating. It helped but had side effects.,1,2025-04-01 09:00:00,Ibuprofen
1703,Glucophage,I took Glucophage and experienced chest pain and dizzy and redness. It helped but had side effects.,2,2024-02-03 01:00:00,Metformin
1704,Glucophage,I took Glucophage and experienced constipation and chest pain. It helped but had side effects.,1,2025-05-18 07:00:00,Metformin
1705,Acetaminophen,I took Acetaminophen and experienced vomiting and headache. It helped but had side effects.,1,2024-10-06 18:00:00,Acetaminophen
1706,Ibuprofen,I took Ibuprofen and experienced hives. It helped but had side effects.,4,2025-06-17 12:00:00,Ibuprofen
1707,Acetaminophen,I took Acetaminophen and experienced constipation and dizzy and palpitations. It helped but had side effects.,5,2024-11-04 19:00:00,Acetaminophen
1708,Advil,I took Advil and experienced vomiting. It helped but had side effects.,2,2024-03-20 17:00:00,Ibuprofen
1709,Acetaminophen,I took Acetaminophen and experienced irritable and depression and rash. It helped but had side effects.,5,2025-07-06 02:00:00,Acetaminophen
1710,Ibuprofen,I took Ibuprofen and experienced dizzy. It helped but had side effects.,1,2024-03-15 03:00:00,Ibuprofen
1711,Tylenol,I took Tylenol and experienced redness and bloating. It helped but had side effects.,5,2024-07-16 18:00:00,Acetaminophen
1712,Advil,I took Advil and experienced itching. It helped but had side effects.,2,2025-08-14 07:00:00,Ibuprofen
1713,Metformin,I took Metformin and experienced insomnia and nausea and chest pain. It helped but had side effects.,2,2024-06-10 01:00:00,Metformin
1714,Glucophage,I took Glucophage and experienced insomnia and panic. It helped but had side effects.,3,2025-05-12 10:00:00,Metformin
1715,Tylenol,I took Tylenol and experienced insomnia and chest pain and brain fog. It helped but had side effects.,5,2024-04-18 16:00:00,Acetaminophen
1716,Metformin,I took Metformin and experienced palpitations. It helped but had side effects.,3,2024-08-04 23:00:00,Metformin
1717,Metformin,I took Metformin and experienced constipation and itching and dizzy. It helped but had side effects.,2,2024-11-29 12:00:00,Metformin
1718,Tylenol,I took Tylenol and experienced nausea and chest pain. It helped but had side effects.,2,2024-04-26 22:00:00,Acetaminophen
1719,Metformin,I took Metformin and experienced stomach cramps and chest pain. It helped but had side effects.,1,2024-04-26 04:00:00,Metformin
1720,Metformin,I took Metformin and experienced depression and brain fog and insomnia. It helped but had side effects.,5,2025-03-27 23:00:00,Metformin
1721,Tylenol,I took Tylenol and experienced diarrhea and chest pain. It helped but had side effects.,4,2024-03-16 20:00:00,Acetaminophen
1722,Ibuprofen,I took Ibuprofen and experienced vomiting. It helped but had side effects.,2,2025-08-22 12:00:00,Ibuprofen
1723,Acetaminophen,I took Acetaminophen and experienced itching and irritable. It helped but had side effects.,5,2024-06-16 12:00:00,Acetaminophen
1724,Tylenol,I took Tylenol and experienced brain fog and tremor and headache. It helped but had side effects.,5,2025-02-07 13:00:00,Acetaminophen
1725,Tylenol,I took Tylenol and experienced insomnia and brain fog. It helped but had side effects.,1,2024-04-19 07:00:00,Acetaminophen
1726,Advil,I took Advil and experienced bloating and anxiety. It helped but had side effects.,5,2024-03-02 02:00:00,Ibuprofen
1727,Metformin,I took Metformin and experienced headache. It helped but had side effects.,5,2025-09-10 09:00:00,Metformin
1728,Advil,I took Advil and experienced vomiting and constipation and diarrhea. It helped but had side effects.,4,2025-04-09 07:00:00,Ibuprofen
1729,Glucophage,I took Glucophage and experienced insomnia and diarrhea and depression. It helped but had side effects.,2,2025-02-22 23:00:00,Metformin
1730,Advil,I took Advil and experienced blood pressure. It helped but had side effects.,5,2025-07-04 02:00:00,Ibuprofen
1731,Ibuprofen,I took Ibuprofen and experienced constipation. It helped but had side effects.,1,2025-03-21 21:00:00,Ibuprofen
1732,Tylenol,I took Tylenol and experienced bloating. It helped but had side effects.,2,2025-05-18 03:00:00,Acetaminophen
1733,Glucophage,I took Glucophage and experienced panic. It helped but had side effects.,4,2024-07-06 10:00:00,Metformin
1734,Acetaminophen,I took Acetaminophen and experienced fatigue. It helped but had side effects.,5,2024-07-11 14:00:00,Acetaminophen
1735,Tylenol,I took Tylenol and experienced anxiety. It helped but had side effects.,1,2024-10-02 14:00:00,Acetaminophen
1736,Tylenol,I took Tylenol and experienced nausea. It helped but had side effects.,4,2025-01-14 02:00:00,Acetaminophen
1737,Glucophage,I took Glucophage and experienced panic. It helped but had side effects.,4,2025-05-17 16:00:00,Metformin
1738,Ibuprofen,I took Ibuprofen and experienced fatigue and diarrhea and rash. It helped but had side effects.,2,2025-03-19 23:00:00,Ibuprofen
1739,Metformin,I took Metformin and experienced insomnia and brain fog. It helped but had side effects.,2,2025-08-13 21:00:00,Metformin
1740,Tylenol,I took Tylenol and experienced depression and rash. It helped but had side effects.,5,2025-08-21 22:00:00,Acetaminophen
1741,Ibuprofen,I took Ibuprofen and experienced panic and itching and palpitations. It helped but had side effects.,1,2024-01-02 00:00:00,Ibuprofen
1742,Glucophage,I took Glucophage and experienced bloating and chest pain and dizzy. It helped but had side effects.,1,2025-01-27 14:00:00,Metformin
1743,Advil,I took Advil and experienced tremor. It helped but had side effects.,3,2025-05-16 19:00:00,Ibuprofen
1744,Advil,I took Advil and experienced palpitations and hives and stomach cramps. It helped but had side effects.,3,2024-09-25 02:00:00,Ibuprofen
1745,Glucophage,I took Glucophage and experienced insomnia. It helped but had side effects.,4,2025-08-02 04:00:00,Metformin
1746,Ibuprofen,I took Ibuprofen and experienced palpitations. It helped but had side effects.,3,2024-01-02 06:00:00,Ibuprofen
1747,Glucophage,I took Glucophage and experienced insomnia and nausea and tremor. It helped but had side effects.,4,2025-01-20 15:00:00,Metformin
1748,Metformin,I took Metformin and experienced nausea and blood pressure. It helped but had side effects.,1,2024-08-31 01:00:00,Metformin
1749,Tylenol,I took Tylenol and experienced hives. It helped but had side effects.,2,2025-07-30 08:00:00,Acetaminophen
1750,Advil,I took Advil and experienced nausea. It helped but had side effects.,5,2024-05-21 19:00:00,Ibuprofen
1751,Tylenol,I took Tylenol and experienced palpitations. It helped but had side effects.,2,2025-07-23 16:00:00,Acetaminophen
1752,Metformin,I took Metformin and experienced vomiting. It helped but had side effects.,4,2024-07-17 07:00:00,Metformin
1753,Tylenol,I took Tylenol and experienced depression. It helped but had side effects.,1,2024-03-02 16:00:00,Acetaminophen
1754,Glucophage,I took Glucophage and experienced diarrhea. It helped but had side effects.,1,2025-01-03 08:00:00,Metformin
1755,Ibuprofen,I took Ibuprofen and experienced constipation and irritable and headache. It helped but had side effects.,4,2024-03-30 19:00:00,Ibuprofen
1756,Glucophage,I took Glucophage and experienced blood pressure. It helped but had side effects.,2,2025-06-17 21:00:00,Metformin
1757,Acetaminophen,I took Acetaminophen and experienced irritable and chest pain and panic. It helped but had side effects.,1,2024-11-25 04:00:00,Acetaminophen
1758,Advil,I took Advil and experienced anxiety. It helped but had side effects.,2,2024-06-01 16:00:00,Ibuprofen
1759,Tylenol,I took Tylenol and experienced panic and rash. It helped but had side effects.,1,2024-07-27 18:00:00,Acetaminophen
1760,Tylenol,I took Tylenol and experienced brain fog. It helped but had side effects.,5,2025-09-02 21:00:00,Acetaminophen
1761,Tylenol,I took Tylenol and experienced hives. It helped but had side effects.,4,2025-08-15 10:00:00,Acetaminophen
1762,Ibuprofen,I took Ibuprofen and experienced redness and hives and dizzy. It helped but had side effects.,2,2025-04-04 11:00:00,Ibuprofen
1763,Metformin,I took Metformin and experienced nausea. It helped but had side effects.,5,2025-07-26 12:00:00,Metformin
1764,Acetaminophen,I took Acetaminophen and experienced brain fog and hives and diarrhea. It helped but had side effects.,3,2024-09-02 08:00:00,Acetaminophen
1765,Acetaminophen,I took Acetaminophen and experienced anxiety. It helped but had side effects.,2,2024-01-04 13:00:00,Acetaminophen
1766,Acetaminophen,I took Acetaminophen and experienced bloating and irritable. It helped but had side effects.,4,2024-09-17 08:00:00,Acetaminophen
1767,Metformin,I took Metformin and experienced palpitations and blood pressure. It helped but had side effects.,1,2024-02-26 10:00:00,Metformin
1768,Ibuprofen,I took Ibuprofen and experienced constipation. It helped but had side effects.,3,2024-03-10 11:00:00,Ibuprofen
1769,Acetaminophen,I took Acetaminophen and experienced vomiting. It helped but had side effects.,2,2025-06-24 19:00:00,Acetaminophen
1770,Acetaminophen,I took Acetaminophen and experienced vomiting. It helped but had side effects.,3,2024-03-08 02:00:00,Acetaminophen
1771,Ibuprofen,I took Ibuprofen and experienced anxiety. It helped but had side effects.,5,2025-06-15 19:00:00,Ibuprofen
1772,Glucophage,I took Glucophage and experienced constipation. It helped but had side effects.,2,2025-04-08 20:00:00,Metformin
1773,Acetaminophen,I took Acetaminophen and experienced brain fog and blood pressure and bloating. It helped but had side effects.,5,2024-01-22 07:00:00,Acetaminophen
1774,Acetaminophen,I took Acetaminophen and experienced anxiety and rash and headache. It helped but had side effects.,3,2024-09-10 20:00:00,Acetaminophen
1775,Glucophage,I took Glucophage and experienced itching and chest pain. It helped but had side effects.,1,2024-02-08 09:00:00,Metformin
1776,Ibuprofen,I took Ibuprofen and experienced constipation and panic and palpitations. It helped but had side effects.,1,2025-08-27 22:00:00,Ibuprofen
1777,Ibuprofen,I took Ibuprofen and experienced redness. It helped but had side effects.,4,2024-03-31 02:00:00,Ibuprofen
1778,Metformin,I took Metformin and experienced diarrhea. It helped but had side effects.,4,2024-05-25 01:00:00,Metformin
1779,Tylenol,I took Tylenol and experienced palpitations and panic. It helped but had side effects.,5,2024-09-03 04:00:00,Acetaminophen
1780,Glucophage,I took Glucophage and experienced redness. It helped but had side effects.,1,2024-03-08 22:00:00,Metformin
1781,Acetaminophen,I took Acetaminophen and experienced irritable. It helped but had side effects.,4,2025-05-15 01:00:00,Acetaminophen
1782,Ibuprofen,I took Ibuprofen and experienced diarrhea. It helped but had side effects.,1,2024-04-07 21:00:00,Ibuprofen
1783,Acetaminophen,I took Acetaminophen and experienced headache. It helped but had side effects.,3,2025-04-09 22:00:00,Acetaminophen
1784,Tylenol,I took Tylenol and experienced itching and insomnia. It helped but had side effects.,2,2024-03-18 02:00:00,Acetaminophen
1785,Advil,I took Advil and experienced constipation. It helped but had side effects.,3,2024-02-20 06:00:00,Ibuprofen
1786,Metformin,I took Metformin and experienced itching. It helped but had side effects.,3,2025-02-10 22:00:00,Metformin
1787,Glucophage,I took Glucophage and experienced rash and constipation. It helped but had side effects.,3,2024-11-30 21:00:00,Metformin
1788,Advil,I took Advil and experienced irritable. It helped but had side effects.,2,2024-07-27 22:00:00,Ibuprofen
1789,Acetaminophen,I took Acetaminophen and experienced tremor and dizzy and diarrhea. It helped but had side effects.,1,2025-01-10 03:00:00,Acetaminophen
1790,Acetaminophen,I took Acetaminophen and experienced rash and anxiety and itching. It helped but had side effects.,1,2025-02-10 17:00:00,Acetaminophen
1791,Tylenol,I took Tylenol and experienced vomiting and stomach cramps and fatigue. It helped but had side effects.,4,2024-09-24 01:00:00,Acetaminophen
1792,Advil,I took Advil and experienced headache and brain fog and diarrhea. It helped but had side effects.,5,2024-08-29 20:00:00,Ibuprofen
1793,Advil,I took Advil and experienced diarrhea. It helped but had side effects.,5,2024-05-09 21:00:00,Ibuprofen
1794,Ibuprofen,I took Ibuprofen and experienced panic and irritable and palpitations. It helped but had side effects.,5,2025-07-20 17:00:00,Ibuprofen
1795,Advil,I took Advil and experienced chest pain and depression and panic. It helped but had side effects.,3,2025-04-22 16:00:00,Ibuprofen
1796,Advil,I took Advil and experienced nausea and tremor and chest pain. It helped but had side effects.,3,2025-01-06 17:00:00,Ibuprofen
1797,Metformin,I took Metformin and experienced insomnia and diarrhea. It helped but had side effects.,3,2024-12-07 04:00:00,Metformin
1798,Advil,I took Advil and experienced insomnia. It helped but had side effects.,3,2025-04-24 06:00:00,Ibuprofen
1799,Metformin,I took Metformin and experienced redness. It helped but had side effects.,4,2024-01-12 15:00:00,Metformin
1800,Acetaminophen,I took Acetaminophen and experienced stomach cramps and vomiting and insomnia. It helped but had side effects.,4,2024-10-03 21:00:00,Acetaminophen
1801,Tylenol,I took Tylenol and experienced headache. It helped but had side effects.,1,2025-04-06 03:00:00,Acetaminophen
1802,Ibuprofen,I took Ibuprofen and experienced bloating. It helped but had side effects.,4,2024-12-27 23:00:00,Ibuprofen
1803,Advil,I took Advil and experienced constipation. It helped but had side effects.,5,2025-04-25 11:00:00,Ibuprofen
1804,Metformin,I took Metformin and experienced diarrhea. It helped but had side effects.,5,2024-08-24 19:00:00,Metformin
1805,Tylenol,I took Tylenol and experienced headache and blood pressure and nausea. It helped but had side effects.,1,2024-02-12 10:00:00,Acetaminophen
1806,Ibuprofen,I took Ibuprofen and experienced palpitations and itching and diarrhea. It helped but had side effects.,1,2024-03-18 02:00:00,Ibuprofen
1807,Advil,I took Advil and experienced dizzy. It helped but had side effects.,2,2025-05-02 16:00:00,Ibuprofen
1808,Tylenol,I took Tylenol and experienced rash and brain fog. It helped but had side effects.,1,2024-08-27 00:00:00,Acetaminophen
1809,Tylenol,I took Tylenol and experienced irritable and blood pressure. It helped but had side effects.,4,2024-02-02 04:00:00,Acetaminophen
1810,Metformin,I took Metformin and experienced vomiting. It helped but had side effects.,2,2025-01-10 11:00:00,Metformin
1811,Advil,I took Advil and experienced constipation and vomiting. It helped but had side effects.,4,2025-06-17 12:00:00,Ibuprofen
1812,Acetaminophen,I took Acetaminophen and experienced stomach cramps. It helped but had side effects.,2,2024-08-22 09:00:00,Acetaminophen
1813,Ibuprofen,I took Ibuprofen and experienced anxiety and chest pain. It helped but had side effects.,2,2025-05-13 11:00:00,Ibuprofen
1814,Glucophage,I took Glucophage and experienced fatigue. It helped but had side effects.,3,2025-08-25 14:00:00,Metformin
1815,Tylenol,I took Tylenol and experienced fatigue. It helped but had side effects.,1,2025-04-27 04:00:00,Acetaminophen
1816,Acetaminophen,I took Acetaminophen and experienced chest pain and itching and nausea. It helped but had side effects.,5,2024-05-20 09:00:00,Acetaminophen
1817,Glucophage,I took Glucophage and experienced redness and fatigue. It helped but had side effects.,1,2025-04-26 04:00:00,Metformin
1818,Tylenol,I took Tylenol and experienced brain fog and palpitations. It helped but had side effects.,2,2024-09-26 01:00:00,Acetaminophen
1819,Ibuprofen,I took Ibuprofen and experienced fatigue. It helped but had side effects.,1,2025-02-27 22:00:00,Ibuprofen
1820,Acetaminophen,I took Acetaminophen and experienced headache and chest pain. It helped but had side effects.,5,2024-05-31 13:00:00,Acetaminophen
1821,Tylenol,I took Tylenol and experienced itching and irritable and rash. It helped but had side effects.,1,2025-08-08 10:00:00,Acetaminophen
1822,Glucophage,I took Glucophage and experienced diarrhea. It helped but had side effects.,5,2025-02-06 08:00:00,Metformin
1823,Metformin,I took Metformin and experienced palpitations. It helped but had side effects.,3,2024-03-09 19:00:00,Metformin
1824,Ibuprofen,I took Ibuprofen and experienced rash and fatigue and bloating. It helped but had side effects.,1,2025-03-15 00:00:00,Ibuprofen
1825,Metformin,I took Metformin and experienced rash. It helped but had side effects.,1,2025-06-27 23:00:00,Metformin
1826,Ibuprofen,I took Ibuprofen and experienced nausea. It helped but had side effects.,1,2024-07-29 08:00:00,Ibuprofen
1827,Ibuprofen,I took Ibuprofen and experienced headache and chest pain. It helped but had side effects.,5,2024-09-17 21:00:00,Ibuprofen
1828,Metformin,I took Metformin and experienced hives and blood pressure and nausea. It helped but had side effects.,4,2024-10-06 11:00:00,Metformin
1829,Metformin,I took Metformin and experienced chest pain and stomach cramps. It helped but had side effects.,3,2024-08-24 15:00:00,Metformin
1830,Advil,I took Advil and experienced irritable and insomnia. It helped but had side effects.,5,2025-08-21 17:00:00,Ibuprofen
1831,Glucophage,I took Glucophage and experienced brain fog. It helped but had side effects.,2,2024-04-02 10:00:00,Metformin
1832,Glucophage,I took Glucophage and experienced stomach cramps. It helped but had side effects.,4,2024-06-25 05:00:00,Metformin
1833,Tylenol,I took Tylenol and experienced vomiting and stomach cramps and anxiety. It helped but had side effects.,4,2025-01-20 09:00:00,Acetaminophen
1834,Tylenol,I took Tylenol and experienced diarrhea and constipation. It helped but had side effects.,3,2025-02-03 20:00:00,Acetaminophen
1835,Advil,I took Advil and experienced nausea. It helped but had side effects.,3,2025-05-04 01:00:00,Ibuprofen
1836,Glucophage,I took Glucophage and experienced headache. It helped but had side effects.,1,2024-10-15 09:00:00,Metformin
1837,Tylenol,I took Tylenol and experienced rash and headache and diarrhea. It helped but had side effects.,2,2025-08-27 10:00:00,Acetaminophen
1838,Metformin,I took Metformin and experienced bloating. It helped but had side effects.,1,2024-04-04 08:00:00,Metformin
1839,Glucophage,I took Glucophage and experienced brain fog. It helped but had side effects.,3,2025-03-05 14:00:00,Metformin
1840,Acetaminophen,I took Acetaminophen and experienced vomiting. It helped but had side effects.,2,2024-06-14 00:00:00,Acetaminophen
1841,Acetaminophen,I took Acetaminophen and experienced panic and irritable and brain fog. It helped but had side effects.,5,2024-10-28 06:00:00,Acetaminophen
1842,Glucophage,I took Glucophage and experienced vomiting and diarrhea. It helped but had side effects.,2,2024-01-17 16:00:00,Metformin
1843,Metformin,I took Metformin and experienced palpitations and itching. It helped but had side effects.,1,2025-01-18 15:00:00,Metformin
1844,Metformin,I took Metformin and experienced blood pressure and anxiety. It helped but had side effects.,1,2025-06-10 12:00:00,Metformin
1845,Ibuprofen,I took Ibuprofen and experienced anxiety and stomach cramps. It helped but had side effects.,1,2025-01-15 00:00:00,Ibuprofen
1846,Tylenol,I took Tylenol and experienced redness and vomiting. It helped but had side effects.,4,2024-10-01 02:00:00,Acetaminophen
1847,Glucophage,I took Glucophage and experienced palpitations and diarrhea. It helped but had side effects.,2,2025-02-20 00:00:00,Metformin
1848,Acetaminophen,I took Acetaminophen and experienced panic and insomnia and headache. It helped but had side effects.,5,2024-08-04 06:00:00,Acetaminophen
1849,Glucophage,I took Glucophage and experienced stomach cramps. It helped but had side effects.,4,2024-03-03 00:00:00,Metformin
1850,Tylenol,I took Tylenol and experienced bloating and palpitations. It helped but had side effects.,4,2024-01-05 21:00:00,Acetaminophen
1851,Ibuprofen,I took Ibuprofen and experienced hives and vomiting and blood pressure. It helped but had side effects.,1,2024-02-07 13:00:00,Ibuprofen
1852,Tylenol,I took Tylenol and experienced panic and rash. It helped but had side effects.,4,2025-02-16 09:00:00,Acetaminophen
1853,Glucophage,I took Glucophage and experienced panic and nausea. It helped but had side effects.,5,2025-01-18 15:00:00,Metformin
1854,Glucophage,I took Glucophage and experienced diarrhea and chest pain and dizzy. It helped but had side effects.,4,2025-01-13 11:00:00,Metformin
1855,Advil,I took Advil and experienced anxiety. It helped but had side effects.,2,2025-01-21 20:00:00,Ibuprofen
1856,Tylenol,I took Tylenol and experienced bloating and depression. It helped but had side effects.,5,2024-05-14 03:00:00,Acetaminophen
1857,Metformin,I took Metformin and experienced dizzy. It helped but had side effects.,1,2024-03-27 06:00:00,Metformin
1858,Tylenol,I took Tylenol and experienced vomiting and itching. It helped but had side effects.,1,2024-03-09 00:00:00,Acetaminophen
1859,Metformin,I took Metformin and experienced rash. It helped but had side effects.,2,2024-09-04 17:00:00,Metformin
1860,Advil,I took Advil and experienced insomnia. It helped but had side effects.,4,2024-07-09 12:00:00,Ibuprofen
1861,Ibuprofen,I took Ibuprofen and experienced rash and chest pain. It helped but had side effects.,5,2025-02-09 16:00:00,Ibuprofen
1862,Tylenol,I took Tylenol and experienced constipation and redness. It helped but had side effects.,5,2024-07-30 18:00:00,Acetaminophen
1863,Advil,I took Advil and experienced brain fog and panic and chest pain. It helped but had side effects.,1,2024-09-24 03:00:00,Ibuprofen
1864,Metformin,I took Metformin and experienced stomach cramps. It helped but had side effects.,1,2024-02-09 04:00:00,Metformin
1865,Metformin,I took Metformin and experienced chest pain. It helped but had side effects.,4,2025-03-15 06:00:00,Metformin
1866,Ibuprofen,I took Ibuprofen and experienced brain fog. It helped but had side effects.,2,2024-12-15 07:00:00,Ibuprofen
1867,Acetaminophen,I took Acetaminophen and experienced vomiting and anxiety and dizzy. It helped but had side effects.,4,2024-06-25 08:00:00,Acetaminophen
1868,Advil,I took Advil and experienced headache. It helped but had side effects.,1,2024-10-08 15:00:00,Ibuprofen
1869,Ibuprofen,I took Ibuprofen and experienced panic. It helped but had side effects.,5,2024-11-04 20:00:00,Ibuprofen
1870,Advil,I took Advil and experienced blood pressure. It helped but had side effects.,3,2024-06-25 03:00:00,Ibuprofen
1871,Tylenol,I took Tylenol and experienced irritable. It helped but had side effects.,2,2024-07-26 04:00:00,Acetaminophen
1872,Ibuprofen,I took Ibuprofen and experienced insomnia. It helped but had side effects.,3,2024-08-21 18:00:00,Ibuprofen
1873,Glucophage,I took Glucophage and experienced depression and irritable and nausea. It helped but had side effects.,4,2024-05-16 03:00:00,Metformin
1874,Ibuprofen,I took Ibuprofen and experienced fatigue and hives and palpitations. It helped but had side effects.,3,2024-04-16 06:00:00,Ibuprofen
1875,Tylenol,I took Tylenol and experienced vomiting. It helped but had side effects.,2,2025-02-14 15:00:00,Acetaminophen
1876,Acetaminophen,I took Acetaminophen and experienced hives and itching and depression. It helped but had side effects.,4,2025-02-16 01:00:00,Acetaminophen
1877,Ibuprofen,I took Ibuprofen and experienced anxiety and insomnia. It helped but had side effects.,4,2025-01-12 16:00:00,Ibuprofen
1878,Glucophage,I took Glucophage and experienced palpitations and vomiting and chest pain. It helped but had side effects.,2,2024-01-30 09:00:00,Metformin
1879,Acetaminophen,I took Acetaminophen and experienced constipation and hives. It helped but had side effects.,1,2024-04-08 22:00:00,Acetaminophen
1880,Acetaminophen,I took Acetaminophen and experienced hives and stomach cramps. It helped but had side effects.,2,2025-01-28 15:00:00,Acetaminophen
1881,Ibuprofen,I took Ibuprofen and experienced insomnia and headache. It helped but had side effects.,1,2024-01-08 14:00:00,Ibuprofen
1882,Advil,I took Advil and experienced vomiting and constipation. It helped but had side effects.,5,2024-04-01 18:00:00,Ibuprofen
1883,Ibuprofen,I took Ibuprofen and experienced palpitations. It helped but had side effects.,2,2025-05-31 15:00:00,Ibuprofen
1884,Advil,I took Advil and experienced headache. It helped but had side effects.,5,2024-06-26 03:00:00,Ibuprofen
1885,Glucophage,I took Glucophage and experienced anxiety. It helped but had side effects.,1,2025-02-12 06:00:00,Metformin
1886,Tylenol,I took Tylenol and experienced blood pressure and vomiting. It helped but had side effects.,2,2024-09-07 02:00:00,Acetaminophen
1887,Glucophage,I took Glucophage and experienced nausea and dizzy and stomach cramps. It helped but had side effects.,3,2024-03-13 01:00:00,Metformin
1888,Ibuprofen,I took Ibuprofen and experienced headache. It helped but had side effects.,4,2024-11-29 20:00:00,Ibuprofen
1889,Ibuprofen,I took Ibuprofen and experienced vomiting and irritable. It helped but had side effects.,4,2025-05-04 17:00:00,Ibuprofen
1890,Tylenol,I took Tylenol and experienced depression and irritable. It helped but had side effects.,2,2025-07-22 16:00:00,Acetaminophen
1891,Glucophage,I took Glucophage and experienced brain fog and dizzy. It helped but had side effects.,5,2025-09-06 20:00:00,Metformin
1892,Metformin,I took Metformin and experienced rash and vomiting and fatigue. It helped but had side effects.,4,2024-03-12 20:00:00,Metformin
1893,Glucophage,I took Glucophage and experienced panic and dizzy and itching. It helped but had side effects.,3,2025-01-09 20:00:00,Metformin
1894,Acetaminophen,I took Acetaminophen and experienced stomach cramps. It helped but had side effects.,4,2024-11-25 19:00:00,Acetaminophen
1895,Tylenol,I took Tylenol and experienced palpitations and rash. It helped but had side effects.,3,2024-02-17 15:00:00,Acetaminophen
1896,Acetaminophen,I took Acetaminophen and experienced blood pressure and redness. It helped but had side effects.,1,2025-03-17 00:00:00,Acetaminophen
1897,Acetaminophen,I took Acetaminophen and experienced redness and itching and headache. It helped but had side effects.,1,2024-02-25 00:00:00,Acetaminophen
1898,Ibuprofen,I took Ibuprofen and experienced blood pressure and insomnia. It helped but had side effects.,3,2024-02-15 12:00:00,Ibuprofen
1899,Tylenol,I took Tylenol and experienced insomnia. It helped but had side effects.,2,2024-10-23 13:00:00,Acetaminophen
1900,Ibuprofen,I took Ibuprofen and experienced tremor and palpitations. It helped but had side effects.,5,2024-08-31 06:00:00,Ibuprofen
1901,Metformin,I took Metformin and experienced anxiety and constipation and chest pain. It helped but had side effects.,5,2025-05-18 20:00:00,Metformin
1902,Ibuprofen,I took Ibuprofen and experienced constipation. It helped but had side effects.,4,2024-12-08 02:00:00,Ibuprofen
1903,Acetaminophen,I took Acetaminophen and experienced fatigue. It helped but had side effects.,1,2025-08-21 21:00:00,Acetaminophen
1904,Advil,I took Advil and experienced rash. It helped but had side effects.,2,2024-10-28 09:00:00,Ibuprofen
1905,Ibuprofen,I took Ibuprofen and experienced diarrhea. It helped but had side effects.,5,2025-08-23 04:00:00,Ibuprofen
1906,Advil,I took Advil and experienced hives and dizzy and panic. It helped but had side effects.,1,2024-04-28 17:00:00,Ibuprofen
1907,Tylenol,I took Tylenol and experienced bloating and brain fog. It helped but had side effects.,1,2024-08-21 13:00:00,Acetaminophen
1908,Advil,I took Advil and experienced insomnia. It helped but had side effects.,2,2024-05-10 01:00:00,Ibuprofen
1909,Tylenol,I took Tylenol and experienced fatigue and headache and brain fog. It helped but had side effects.,3,2024-07-10 08:00:00,Acetaminophen
1910,Ibuprofen,I took Ibuprofen and experienced chest pain and insomnia and irritable. It helped but had side effects.,1,2024-12-30 20:00:00,Ibuprofen
1911,Tylenol,I took Tylenol and experienced bloating and brain fog and itching. It helped but had side effects.,3,2024-09-10 04:00:00,Acetaminophen
1912,Glucophage,I took Glucophage and experienced dizzy and chest pain and redness. It helped but had side effects.,2,2024-04-09 15:00:00,Metformin
1913,Tylenol,I took Tylenol and experienced rash and bloating and redness. It helped but had side effects.,1,2025-06-10 01:00:00,Acetaminophen
1914,Ibuprofen,I took Ibuprofen and experienced insomnia and bloating and irritable. It helped but had side effects.,5,2025-01-22 15:00:00,Ibuprofen
1915,Glucophage,I took Glucophage and experienced panic. It helped but had side effects.,3,2025-05-10 06:00:00,Metformin
1916,Acetaminophen,I took Acetaminophen and experienced chest pain and bloating and blood pressure. It helped but had side effects.,4,2025-05-31 11:00:00,Acetaminophen
1917,Ibuprofen,I took Ibuprofen and experienced headache and dizzy. It helped but had side effects.,4,2025-04-22 20:00:00,Ibuprofen
1918,Acetaminophen,I took Acetaminophen and experienced chest pain and tremor. It helped but had side effects.,1,2024-07-14 20:00:00,Acetaminophen
1919,Advil,I took Advil and experienced panic and dizzy. It helped but had side effects.,3,2025-03-27 09:00:00,Ibuprofen
1920,Glucophage,I took Glucophage and experienced vomiting and dizzy. It helped but had side effects.,5,2025-06-14 00:00:00,Metformin
1921,Advil,I took Advil and experienced irritable. It helped but had side effects.,1,2025-06-14 02:00:00,Ibuprofen
1922,Acetaminophen,I took Acetaminophen and experienced brain fog. It helped but had side effects.,2,2024-10-26 01:00:00,Acetaminophen
1923,Tylenol,I took Tylenol and experienced vomiting. It helped but had side effects.,2,2025-07-19 12:00:00,Acetaminophen
1924,Glucophage,I took Glucophage and experienced dizzy and blood pressure. It helped but had side effects.,5,2024-03-27 14:00:00,Metformin
1925,Acetaminophen,I took Acetaminophen and experienced panic. It helped but had side effects.,2,2024-04-21 12:00:00,Acetaminophen
1926,Metformin,I took Metformin and experienced rash. It helped but had side effects.,5,2024-10-31 12:00:00,Metformin
1927,Ibuprofen,I took Ibuprofen and experienced constipation. It helped but had side effects.,5,2025-03-07 06:00:00,Ibuprofen
1928,Metformin,I took Metformin and experienced redness. It helped but had side effects.,4,2024-12-17 04:00:00,Metformin
1929,Ibuprofen,I took Ibuprofen and experienced bloating and chest pain and headache. It helped but had side effects.,4,2025-06-11 08:00:00,Ibuprofen
1930,Tylenol,I took Tylenol and experienced hives and chest pain and bloating. It helped but had side effects.,2,2024-11-03 08:00:00,Acetaminophen
1931,Tylenol,I took Tylenol and experienced brain fog and irritable and anxiety. It helped but had side effects.,5,2024-05-27 13:00:00,Acetaminophen
1932,Acetaminophen,I took Acetaminophen and experienced redness. It helped but had side effects.,2,2024-07-02 23:00:00,Acetaminophen
1933,Advil,I took Advil and experienced brain fog and chest pain and depression. It helped but had side effects.,3,2024-11-18 08:00:00,Ibuprofen
1934,Glucophage,I took Glucophage and experienced redness. It helped but had side effects.,2,2024-01-28 15:00:00,Metformin
1935,Glucophage,I took Glucophage and experienced fatigue and palpitations. It helped but had side effects.,2,2024-07-04 22:00:00,Metformin
1936,Glucophage,I took Glucophage and experienced rash. It helped but had side effects.,1,2025-03-11 16:00:00,Metformin
1937,Metformin,I took Metformin and experienced anxiety. It helped but had side effects.,3,2025-06-30 05:00:00,Metformin
1938,Glucophage,I took Glucophage and experienced chest pain. It helped but had side effects.,5,2024-06-10 18:00:00,Metformin
1939,Glucophage,I took Glucophage and experienced panic and depression and headache. It helped but had side effects.,2,2025-05-31 06:00:00,Metformin
1940,Ibuprofen,I took Ibuprofen and experienced chest pain. It helped but had side effects.,5,2025-07-06 09:00:00,Ibuprofen
1941,Acetaminophen,I took Acetaminophen and experienced rash. It helped but had side effects.,1,2024-06-10 22:00:00,Acetaminophen
1942,Glucophage,I took Glucophage and experienced dizzy. It helped but had side effects.,2,2024-05-06 01:00:00,Metformin
1943,Advil,I took Advil and experienced dizzy. It helped but had side effects.,1,2024-10-17 13:00:00,Ibuprofen
1944,Acetaminophen,I took Acetaminophen and experienced redness and itching and irritable. It helped but had side effects.,3,2025-05-11 20:00:00,Acetaminophen
1945,Advil,I took Advil and experienced rash and bloating and stomach cramps. It helped but had side effects.,2,2024-07-02 05:00:00,Ibuprofen
1946,Tylenol,I took Tylenol and experienced redness and stomach cramps and diarrhea. It helped but had side effects.,5,2024-08-22 20:00:00,Acetaminophen
1947,Metformin,I took Metformin and experienced nausea and headache and vomiting. It helped but had side effects.,1,2025-02-12 00:00:00,Metformin
1948,Tylenol,I took Tylenol and experienced headache and bloating. It helped but had side effects.,4,2024-07-05 06:00:00,Acetaminophen
1949,Advil,I took Advil and experienced stomach cramps and brain fog and nausea. It helped but had side effects.,2,2025-03-22 21:00:00,Ibuprofen
1950,Acetaminophen,I took Acetaminophen and experienced rash. It helped but had side effects.,4,2025-03-04 05:00:00,Acetaminophen
1951,Acetaminophen,I took Acetaminophen and experienced constipation. It helped but had side effects.,1,2025-03-03 17:00:00,Acetaminophen
1952,Tylenol,I took Tylenol and experienced palpitations. It helped but had side effects.,5,2024-09-28 18:00:00,Acetaminophen
1953,Tylenol,I took Tylenol and experienced tremor and stomach cramps and constipation. It helped but had side effects.,3,2025-09-04 09:00:00,Acetaminophen
1954,Advil,I took Advil and experienced fatigue. It helped but had side effects.,2,2024-09-28 12:00:00,Ibuprofen
1955,Acetaminophen,I took Acetaminophen and experienced itching. It helped but had side effects.,3,2025-01-15 23:00:00,Acetaminophen
1956,Ibuprofen,I took Ibuprofen and experienced blood pressure and diarrhea. It helped but had side effects.,2,2024-05-03 16:00:00,Ibuprofen
1957,Tylenol,I took Tylenol and experienced constipation. It helped but had side effects.,2,2024-04-07 03:00:00,Acetaminophen
1958,Tylenol,I took Tylenol and experienced diarrhea and anxiety and palpitations. It helped but had side effects.,4,2024-11-18 18:00:00,Acetaminophen
1959,Advil,I took Advil and experienced blood pressure and palpitations. It helped but had side effects.,4,2025-08-07 05:00:00,Ibuprofen
1960,Advil,I took Advil and experienced panic. It helped but had side effects.,5,2025-07-22 10:00:00,Ibuprofen
1961,Glucophage,I took Glucophage and experienced rash and bloating and headache. It helped but had side effects.,3,2025-01-04 13:00:00,Metformin
1962,Acetaminophen,I took Acetaminophen and experienced panic and fatigue. It helped but had side effects.,1,2025-02-13 02:00:00,Acetaminophen
1963,Acetaminophen,I took Acetaminophen and experienced vomiting. It helped but had side effects.,2,2025-05-19 23:00:00,Acetaminophen
1964,Metformin,I took Metformin and experienced chest pain and blood pressure and depression. It helped but had side effects.,1,2024-05-26 04:00:00,Metformin
1965,Glucophage,I took Glucophage and experienced anxiety and stomach cramps and hives. It helped but had side effects.,1,2024-12-19 07:00:00,Metformin
1966,Ibuprofen,I took Ibuprofen and experienced blood pressure. It helped but had side effects.,4,2024-02-11 20:00:00,Ibuprofen
1967,Glucophage,I took Glucophage and experienced panic. It helped but had side effects.,2,2024-07-04 05:00:00,Metformin
1968,Advil,I took Advil and experienced fatigue and itching and anxiety. It helped but had side effects.,4,2024-03-30 17:00:00,Ibuprofen
1969,Acetaminophen,I took Acetaminophen and experienced fatigue. It helped but had side effects.,3,2024-02-25 01:00:00,Acetaminophen
1970,Acetaminophen,I took Acetaminophen and experienced fatigue. It helped but had side effects.,5,2024-09-26 16:00:00,Acetaminophen
1971,Metformin,I took Metformin and experienced nausea. It helped but had side effects.,5,2025-01-07 12:00:00,Metformin
1972,Tylenol,I took Tylenol and experienced redness and dizzy. It helped but had side effects.,5,2025-06-01 21:00:00,Acetaminophen
1973,Tylenol,I took Tylenol and experienced rash. It helped but had side effects.,5,2025-08-03 15:00:00,Acetaminophen
1974,Metformin,I took Metformin and experienced dizzy and depression and tremor. It helped but had side effects.,3,2024-06-15 12:00:00,Metformin
1975,Tylenol,I took Tylenol and experienced bloating. It helped but had side effects.,1,2024-04-14 10:00:00,Acetaminophen
1976,Glucophage,I took Glucophage and experienced redness. It helped but had side effects.,5,2024-10-14 11:00:00,Metformin
1977,Metformin,I took Metformin and experienced panic and dizzy and constipation. It helped but had side effects.,5,2024-04-19 22:00:00,Metformin
1978,Metformin,I took Metformin and experienced hives and nausea. It helped but had side effects.,5,2024-06-28 02:00:00,Metformin
1979,Metformin,I took Metformin and experienced tremor and hives and panic. It helped but had side effects.,5,2024-12-13 03:00:00,Metformin
1980,Glucophage,I took Glucophage and experienced vomiting and panic. It helped but had side effects.,1,2024-04-05 08:00:00,Metformin
1981,Acetaminophen,I took Acetaminophen and experienced blood pressure and redness. It helped but had side effects.,4,2025-02-16 15:00:00,Acetaminophen
1982,Tylenol,I took Tylenol and experienced chest pain and rash. It helped but had side effects.,2,2024-06-03 12:00:00,Acetaminophen
1983,Glucophage,I took Glucophage and experienced depression. It helped but had side effects.,5,2024-07-30 19:00:00,Metformin
1984,Glucophage,I took Glucophage and experienced dizzy. It helped but had side effects.,5,2024-08-30 18:00:00,Metformin
1985,Glucophage,I took Glucophage and experienced palpitations and depression and insomnia. It helped but had side effects.,5,2024-06-12 06:00:00,Metformin
1986,Advil,I took Advil and experienced anxiety and tremor and redness. It helped but had side effects.,1,2024-06-23 03:00:00,Ibuprofen
1987,Advil,I took Advil and experienced hives. It helped but had side effects.,3,2025-08-24 20:00:00,Ibuprofen
1988,Metformin,I took Metformin and experienced dizzy and stomach cramps and constipation. It helped but had side effects.,5,2024-10-25 22:00:00,Metformin
1989,Acetaminophen,I took Acetaminophen and experienced blood pressure. It helped but had side effects.,3,2024-07-30 06:00:00,Acetaminophen
1990,Advil,I took Advil and experienced palpitations and tremor and blood pressure. It helped but had side effects.,4,2024-03-19 20:00:00,Ibuprofen
1991,Advil,I took Advil and experienced irritable and redness and vomiting. It helped but had side effects.,2,2025-03-04 16:00:00,Ibuprofen
1992,Tylenol,I took Tylenol and experienced constipation and bloating. It helped but had side effects.,5,2024-09-05 13:00:00,Acetaminophen
1993,Acetaminophen,I took Acetaminophen and experienced anxiety. It helped but had side effects.,5,2025-04-21 23:00:00,Acetaminophen
1994,Ibuprofen,I took Ibuprofen and experienced vomiting. It helped but had side effects.,4,2024-04-19 04:00:00,Ibuprofen
1995,Glucophage,I took Glucophage and experienced stomach cramps and brain fog. It helped but had side effects.,4,2024-09-10 05:00:00,Metformin
1996,Glucophage,I took Glucophage and experienced vomiting. It helped but had side effects.,2,2024-07-20 22:00:00,Metformin
1997,Tylenol,I took Tylenol and experienced diarrhea. It helped but had side effects.,1,2024-07-14 10:00:00,Acetaminophen
1998,Acetaminophen,I took Acetaminophen and experienced bloating and dizzy. It helped but had side effects.,4,2024-08-03 07:00:00,Acetaminophen
1999,Tylenol,I took Tylenol and experienced tremor and nausea and palpitations. It helped but had side effects.,2,2024-02-27 05:00:00,Acetaminophen
2000,Glucophage,I took Glucophage and experienced irritable and depression. It helped but had side effects.,4,2024-06-05 16:00:00,Metformin
